player,rating,acs,kd,kast,adr,kpr,apr,fk_fd_ratio,fkpr,fdpr,hs_percent,cl_percent
johnqtSEN,1.28,216.3,1.39,0.79,141.9,0.79,0.3,1.6,0.04,0.03,0.31,0.23
dgzinEG,1.22,242.0,1.36,0.73,155.5,0.89,0.16,1.56,0.21,0.13,0.28,0.11
valynG2,1.18,229.9,1.27,0.79,145.3,0.81,0.35,2.44,0.09,0.04,0.27,0.16
koalanoobFUR,1.16,236.8,1.24,0.73,148.7,0.86,0.2,1.28,0.2,0.15,0.24,0.18
NeonLEV,1.14,211.5,1.26,0.75,135.3,0.76,0.14,2.33,0.22,0.09,0.25,0.27
Demon1ENVY,1.13,232.9,1.23,0.73,156.1,0.85,0.15,1.05,0.13,0.13,0.37,0.06
lukxoLOUD,1.13,228.1,1.21,0.71,151.2,0.83,0.14,0.73,0.13,0.18,0.31,0.06
BABYBAYG2,1.1,214.8,1.21,0.72,141.0,0.78,0.22,1.36,0.15,0.11,0.19,0.12
Cryocells100T,1.1,217.0,1.22,0.73,141.2,0.8,0.1,1.45,0.14,0.1,0.29,0.17
bang100T,1.1,188.8,1.1,0.75,122.3,0.68,0.32,0.89,0.05,0.06,0.36,0.12
InspireENVY,1.09,200.0,1.11,0.69,136.3,0.71,0.22,0.95,0.08,0.09,0.33,0.12
brawkNRG,1.09,195.5,1.08,0.71,131.0,0.67,0.27,1.22,0.07,0.06,0.21,0.16
trentG2,1.09,191.9,1.11,0.76,129.0,0.69,0.33,1.0,0.05,0.05,0.28,0.13
VernoMIBR,1.09,205.9,1.13,0.79,134.5,0.71,0.29,1.37,0.07,0.05,0.29,0.12
madaNRG,1.08,220.7,1.16,0.71,138.8,0.78,0.21,1.24,0.19,0.16,0.3,0.13
v1cC9,1.08,196.6,1.1,0.77,127.3,0.7,0.34,1.04,0.08,0.08,0.27,0.25
skubaNRG,1.07,184.9,1.09,0.76,127.2,0.66,0.23,1.19,0.08,0.07,0.3,0.31
keikoNRG,1.07,200.4,1.09,0.73,127.8,0.73,0.25,1.13,0.08,0.08,0.36,0.07
artzinFUR,1.06,188.8,1.11,0.75,123.2,0.69,0.36,0.95,0.07,0.08,0.3,0.28
OXYC9,1.06,225.2,1.15,0.68,144.7,0.85,0.11,1.29,0.21,0.17,0.27,0.13
eeiuFUR,1.05,177.5,1.1,0.74,117.6,0.65,0.28,0.86,0.05,0.05,0.26,0.12
supamenEG,1.04,190.5,1.0,0.73,124.2,0.64,0.34,1.77,0.09,0.05,0.37,0.04
XeppaaC9,1.04,197.2,1.04,0.76,127.6,0.68,0.33,0.93,0.04,0.04,0.25,0.1
leafG2,1.04,200.5,1.09,0.73,134.7,0.73,0.25,0.83,0.07,0.09,0.25,0.2
zekkenMIBR,1.03,204.1,1.01,0.75,131.1,0.69,0.32,1.22,0.14,0.11,0.27,0.18
RossyENVY,1.02,190.8,1.02,0.7,120.8,0.67,0.32,0.94,0.05,0.06,0.25,0.08
keznitENVY,1.01,215.8,1.04,0.72,138.5,0.75,0.2,1.02,0.14,0.14,0.27,0.17
kiNggLEV,1.01,189.2,1.03,0.68,120.5,0.68,0.25,0.78,0.06,0.08,0.33,0.13
PxSLEV,1.01,172.6,0.98,0.67,116.8,0.62,0.19,1.5,0.09,0.06,0.23,0.14
vora100T,0.99,193.9,0.95,0.74,125.1,0.65,0.34,1.0,0.07,0.07,0.29,0.08
aspasMIBR,0.98,196.2,1.11,0.7,130.7,0.72,0.12,0.98,0.13,0.13,0.26,0.07
Asuna100T,0.97,171.5,0.89,0.76,107.1,0.58,0.49,0.68,0.05,0.08,0.22,0.06
MazinoMIBR,0.97,197.1,0.96,0.69,129.5,0.69,0.34,0.79,0.07,0.09,0.27,0.07
baoEG,0.96,188.5,0.93,0.71,132.5,0.66,0.28,0.65,0.07,0.1,0.28,0.14
NagZKRÜ,0.95,157.5,0.83,0.66,111.5,0.56,0.24,0.56,0.05,0.1,0.27,0.19
pennyC9,0.95,189.1,0.99,0.7,128.0,0.69,0.23,0.7,0.11,0.16,0.21,0.08
ReduxxSEN,0.95,189.0,0.96,0.67,127.4,0.68,0.22,1.06,0.18,0.17,0.33,0.0
mtaKRÜ,0.94,184.9,0.91,0.7,114.7,0.66,0.2,1.06,0.11,0.1,0.29,0.23
nerveFUR,0.93,168.3,0.92,0.73,114.8,0.59,0.32,1.0,0.04,0.04,0.21,0.12
blowzLEV,0.93,175.5,0.94,0.71,114.8,0.61,0.22,0.67,0.03,0.05,0.26,0.08
Timotino100T,0.93,218.7,0.95,0.67,145.3,0.75,0.22,1.01,0.19,0.19,0.28,0.17
alymFUR,0.93,195.8,0.99,0.72,124.3,0.69,0.24,1.24,0.18,0.14,0.29,0.29
DarkerLOUD,0.92,188.3,0.88,0.69,120.4,0.67,0.29,1.08,0.1,0.09,0.24,0.27
C0MEG,0.9,164.6,0.84,0.7,110.0,0.55,0.29,0.8,0.06,0.08,0.21,0.08
SatoLEV,0.9,190.4,0.96,0.67,130.8,0.69,0.21,0.66,0.13,0.2,0.31,0.17
KyuSEN,0.9,176.8,0.86,0.68,114.0,0.6,0.28,0.59,0.05,0.09,0.21,0.12
EthanNRG,0.89,174.4,0.83,0.71,115.1,0.58,0.35,0.94,0.11,0.11,0.24,0.17
benGKRÜ,0.89,163.8,0.78,0.66,103.5,0.57,0.27,1.2,0.07,0.06,0.32,0.1
OkeanosEG,0.88,174.4,0.92,0.67,111.5,0.64,0.27,0.79,0.09,0.11,0.34,0.2
pANcadaLOUD,0.87,157.3,0.78,0.76,110.8,0.53,0.32,1.6,0.05,0.03,0.3,0.1
infiltratorKRÜ,0.86,205.8,0.84,0.68,133.4,0.7,0.21,0.74,0.14,0.19,0.27,0.13
jawgemoG2,0.85,196.3,0.85,0.71,127.5,0.65,0.3,1.0,0.18,0.18,0.2,0.14
corteziaSEN,0.85,175.6,0.85,0.67,126.2,0.59,0.2,0.93,0.07,0.08,0.31,0.11
EggsterrENVY,0.85,180.8,0.88,0.69,115.5,0.64,0.23,0.79,0.11,0.14,0.27,0.13
ZellsisC9,0.83,150.0,0.71,0.72,93.3,0.49,0.49,0.7,0.05,0.08,0.18,0.08
P0PPINENVY,0.83,178.4,0.84,0.7,114.6,0.62,0.27,1.27,0.11,0.09,0.29,0.0
texMIBR,0.82,165.2,0.84,0.69,108.4,0.6,0.21,0.76,0.09,0.11,0.3,0.08
spikeLEV,0.81,172.5,0.79,0.69,112.8,0.59,0.31,1.09,0.1,0.1,0.26,0.11
N4RRATESEN,0.8,187.1,0.79,0.69,124.3,0.62,0.23,0.96,0.14,0.14,0.22,0.0
cauanzinLOUD,0.79,162.6,0.77,0.71,109.8,0.58,0.27,0.44,0.05,0.11,0.24,0.0
VirtyyLOUD,0.75,171.3,0.82,0.64,107.7,0.64,0.16,0.52,0.09,0.17,0.21,0.15
GovernorKRÜ,0.71,148.3,0.65,0.63,100.6,0.51,0.28,0.4,0.05,0.12,0.24,0.1
