match_id,event,opponent,map_name,map_num,round,buy,opp_buy,side,spike_planted,plant_time,fk_time,fk_player,fd_player,round_result,round_win,johnqt_k_pre,reduxx_k_pre,cortezia_k_pre,jonahp_k_pre,jerrwin_k_pre,n4rrate_k_pre,kyu_k_pre,victor_k_pre,johnqt_k_post,reduxx_k_post,cortezia_k_post,jonahp_k_post,jerrwin_k_post,n4rrate_k_post,kyu_k_post,victor_k_post
596404,amer_kickoff_2026,fur,split,1,1,e,e,ct,0.0,,44,,cortezia,ct_elim,0,0.0,0.0,0.0,,,0.0,0.0,,,,,,,,,
596404,amer_kickoff_2026,fur,split,1,2,e,sb,ct,1.0,97.0,48,,n4rrate,defuse,0,2.0,0.0,0.0,,,0.0,1.0,,1.0,,0.0,,,,,
596404,amer_kickoff_2026,fur,split,1,3,f,se,ct,1.0,24.0,22,johnqt,,defuse,0,1.0,0.0,0.0,,,0.0,0.0,,0.0,0.0,1.0,,,1.0,0.0,
596404,amer_kickoff_2026,fur,split,1,4,se,f,ct,0.0,,36,,n4rrate,ct_elim,0,1.0,1.0,0.0,,,0.0,0.0,,,,,,,,,
596404,amer_kickoff_2026,fur,split,1,5,f,f,ct,0.0,,57,,johnqt,ct_elim,0,0.0,1.0,0.0,,,0.0,1.0,,,,,,,,,
596404,amer_kickoff_2026,fur,split,1,6,se,f,ct,0.0,,29,,johnqt,ct_elim,0,0.0,0.0,0.0,,,2.0,0.0,,,,,,,,,
596404,amer_kickoff_2026,fur,split,1,7,f,f,ct,1.0,31.0,31,,cortezia,t_elim,1,0.0,0.0,0.0,,,0.0,0.0,,1.0,1.0,0.0,,,0.0,3.0,
596404,amer_kickoff_2026,fur,split,1,8,f,f,ct,0.0,,2,,kyu,time_no_plant,0,0.0,0.0,0.0,,,2.0,0.0,,,,,,,,,
596404,amer_kickoff_2026,fur,split,1,9,sb,f,ct,0.0,,10,,n4rrate,ct_elim,0,0.0,0.0,1.0,,,0.0,0.0,,,,,,,,,
596404,amer_kickoff_2026,fur,split,1,10,se,f,ct,0.0,,4,reduxx,,ct_elim,0,1.0,1.0,0.0,,,0.0,0.0,,,,,,,,,
596404,amer_kickoff_2026,fur,split,1,11,f,f,ct,1.0,71.0,56,,reduxx,t_elim,1,1.0,0.0,1.0,,,0.0,1.0,,1.0,,1.0,,,,,
596404,amer_kickoff_2026,fur,split,1,12,f,f,ct,1.0,36.0,19,,reduxx,t_elim,1,0.0,0.0,2.0,,,1.0,1.0,,,,1.0,,,,0.0,
596404,amer_kickoff_2026,fur,split,1,13,e,e,t,0.0,,69,cortezia,,ct_elim,1,0.0,1.0,1.0,,,1.0,2.0,,,,,,,,,
596404,amer_kickoff_2026,fur,split,1,14,sb,e,t,0.0,,2,reduxx,,ct_elim,1,0.0,2.0,0.0,,,3.0,0.0,,,,,,,,,
596404,amer_kickoff_2026,fur,split,1,15,sb,f,t,1.0,68.0,14,,n4rrate,t_elim,0,0.0,0.0,0.0,,,0.0,0.0,,0.0,0.0,,,,,0.0,
596404,amer_kickoff_2026,fur,split,1,16,f,f,t,1.0,16.0,7,,kyu,t_elim,0,0.0,0.0,0.0,,,0.0,0.0,,1.0,0.0,2.0,,,0.0,,
596404,amer_kickoff_2026,fur,split,1,17,sb,f,t,1.0,34.0,50,reduxx,,time_no_defuse,0,0.0,0.0,0.0,,,0.0,0.0,,2.0,2.0,1.0,,,0.0,0.0,
596404,amer_kickoff_2026,fur,split,1,18,sb,f,t,1.0,94.0,5,,johnqt,t_elim,0,0.0,0.0,0.0,,,0.0,1.0,,,0.0,1.0,,,0.0,,
596404,amer_kickoff_2026,fur,breeze,2,1,e,e,ct,1.0,66.0,20,,kyu,defuse,1,0.0,1.0,0.0,,,0.0,0.0,,1.0,0.0,0.0,,,3.0,,
596404,amer_kickoff_2026,fur,breeze,2,2,sb,e,ct,1.0,20.0,31,kyu,,defuse,1,0.0,0.0,0.0,,,0.0,0.0,,2.0,0.0,0.0,,,1.0,2.0,
596404,amer_kickoff_2026,fur,breeze,2,3,sb,f,ct,0.0,,10,cortezia,,ct_elim,1,0.0,0.0,3.0,,,1.0,1.0,,,,,,,,,
596404,amer_kickoff_2026,fur,breeze,2,4,f,se,ct,0.0,,20,cortezia,,ct_elim,1,1.0,0.0,2.0,,,2.0,0.0,,,,,,,,,
596404,amer_kickoff_2026,fur,breeze,2,5,f,f,ct,1.0,91.0,49,reduxx,,time_no_defuse,0,2.0,1.0,1.0,,,0.0,0.0,,1.0,0.0,0.0,,,0.0,0.0,
596404,amer_kickoff_2026,fur,breeze,2,6,f,sb,ct,1.0,25.0,15,,reduxx,time_no_defuse,0,0.0,0.0,0.0,,,0.0,0.0,,0.0,,,,,0.0,0.0,
596404,amer_kickoff_2026,fur,breeze,2,7,sb,f,ct,1.0,69.0,48,n4rrate,,time_no_defuse,0,0.0,0.0,0.0,,,1.0,1.0,,0.0,,,,,,,
596404,amer_kickoff_2026,fur,breeze,2,8,sb,f,ct,1.0,93.0,29,n4rrate,,time_no_defuse,0,1.0,1.0,0.0,,,1.0,0.0,,0.0,,0.0,,,2.0,,
596404,amer_kickoff_2026,fur,breeze,2,9,f,f,ct,1.0,74.0,21,,reduxx,t_elim,0,1.0,0.0,0.0,,,0.0,0.0,,,,0.0,,,,,
596404,amer_kickoff_2026,fur,breeze,2,10,sb,f,ct,0.0,,48,,reduxx,t_elim,0,0.0,0.0,0.0,,,0.0,0.0,,,,,,,,,
596404,amer_kickoff_2026,fur,breeze,2,11,f,f,ct,0.0,,48,cortezia,,ct_elim,1,1.0,0.0,1.0,,,2.0,1.0,,,,,,,,,
596404,amer_kickoff_2026,fur,breeze,2,12,f,f,ct,1.0,26.0,3,,n4rrate,t_elim,0,0.0,0.0,0.0,,,0.0,0.0,,0.0,0.0,1.0,,,,0.0,
596404,amer_kickoff_2026,fur,breeze,2,13,e,e,t,1.0,76.0,9,reduxx,,t_elim,1,0.0,1.0,1.0,,,0.0,1.0,,2.0,0.0,0.0,,,,0.0,
596404,amer_kickoff_2026,fur,breeze,2,14,sb,e,t,1.0,49.0,12,cortezia,,time_no_defuse,1,2.0,0.0,1.0,,,1.0,0.0,,0.0,0.0,,,,0.0,0.0,
596404,amer_kickoff_2026,fur,breeze,2,15,f,f,t,1.0,94.0,21,,reduxx,defuse,0,1.0,0.0,0.0,,,0.0,0.0,,1.0,,,,,,,
596404,amer_kickoff_2026,fur,breeze,2,16,f,f,t,0.0,,15,,n4rrate,time_no_plant,0,0.0,0.0,1.0,,,0.0,0.0,,,,,,,,,
596404,amer_kickoff_2026,fur,breeze,2,17,sb,f,t,0.0,,68,,kyu,ct_elim,0,1.0,0.0,0.0,,,1.0,0.0,,,,,,,,,
596404,amer_kickoff_2026,fur,breeze,2,18,sb,f,t,1.0,31.0,10,,n4rrate,t_elim,1,0.0,1.0,0.0,,,0.0,0.0,,1.0,,0.0,,,,3.0,
596404,amer_kickoff_2026,fur,breeze,2,19,f,f,t,1.0,54.0,42,n4rrate,,time_no_defuse,1,1.0,0.0,0.0,,,1.0,0.0,,0.0,0.0,0.0,,,0.0,0.0,
596404,amer_kickoff_2026,fur,breeze,2,20,f,f,t,1.0,75.0,15,,n4rrate,t_elim,1,1.0,0.0,0.0,,,0.0,0.0,,3.0,,,,,,1.0,
596404,amer_kickoff_2026,fur,breeze,2,21,f,se,t,0.0,,5,,n4rrate,time_no_plant,0,2.0,0.0,0.0,,,0.0,2.0,,,,,,,,,
596404,amer_kickoff_2026,fur,breeze,2,22,f,f,t,1.0,43.0,21,,n4rrate,defuse,0,0.0,0.0,1.0,,,0.0,1.0,,0.0,,0.0,,,,0.0,
596404,amer_kickoff_2026,fur,breeze,2,23,f,f,t,1.0,55.0,8,reduxx,,time_no_defuse,1,0.0,1.0,1.0,,,0.0,2.0,,0.0,,0.0,,,,0.0,
596404,amer_kickoff_2026,fur,breeze,2,24,f,f,t,0.0,,10,,reduxx,ct_elim,0,0.0,0.0,0.0,,,3.0,0.0,,,,,,,,,
596410,amer_kickoff_2026,eg,abyss,1,1,e,e,t,1.0,27.0,15,n4rrate,,t_elim,1,0.0,1.0,0.0,,,1.0,0.0,,0.0,1.0,0.0,,,0.0,2.0,
596410,amer_kickoff_2026,eg,abyss,1,2,sb,e,t,1.0,26.0,23,,,t_elim,1,0.0,0.0,0.0,,,0.0,0.0,,0.0,0.0,0.0,,,0.0,0.0,
596410,amer_kickoff_2026,eg,abyss,1,3,sb,f,t,1.0,85.0,21,,n4rrate,defuse,0,0.0,0.0,0.0,,,0.0,0.0,,0.0,,0.0,,,,0.0,
596410,amer_kickoff_2026,eg,abyss,1,4,f,f,t,1.0,34.0,5,,n4rrate,defuse,0,0.0,2.0,0.0,,,0.0,0.0,,1.0,0.0,1.0,,,,0.0,
596410,amer_kickoff_2026,eg,abyss,1,5,f,f,t,1.0,88.0,79,n4rrate,,time_no_defuse,1,0.0,0.0,0.0,,,2.0,1.0,,0.0,0.0,0.0,,,0.0,0.0,
596410,amer_kickoff_2026,eg,abyss,1,6,f,f,t,1.0,59.0,25,johnqt,,t_elim,1,1.0,1.0,2.0,,,0.0,0.0,,1.0,0.0,0.0,,,0.0,0.0,
596410,amer_kickoff_2026,eg,abyss,1,7,f,se,t,1.0,22.0,31,cortezia,,t_elim,1,0.0,0.0,0.0,,,0.0,0.0,,2.0,1.0,1.0,,,0.0,1.0,
596410,amer_kickoff_2026,eg,abyss,1,8,f,f,t,1.0,66.0,92,n4rrate,,t_elim,1,0.0,0.0,0.0,,,0.0,0.0,,1.0,2.0,0.0,,,1.0,0.0,
596410,amer_kickoff_2026,eg,abyss,1,9,f,se,t,1.0,50.0,32,n4rrate,,t_elim,1,0.0,0.0,0.0,,,1.0,0.0,,2.0,,2.0,,,0.0,0.0,
596410,amer_kickoff_2026,eg,abyss,1,10,f,f,t,1.0,85.0,23,,reduxx,defuse,1,1.0,0.0,0.0,,,0.0,1.0,,0.0,,,,,,0.0,
596410,amer_kickoff_2026,eg,abyss,1,11,f,f,t,1.0,36.0,47,reduxx,,t_elim,0,0.0,0.0,0.0,,,0.0,0.0,,2.0,2.0,0.0,,,1.0,0.0,
596410,amer_kickoff_2026,eg,abyss,1,12,f,sb,t,1.0,64.0,9,reduxx,,t_elim,0,0.0,2.0,0.0,,,0.0,0.0,,0.0,1.0,0.0,,,2.0,0.0,
596410,amer_kickoff_2026,eg,abyss,1,13,e,e,ct,1.0,53.0,30,kyu,,time_no_defuse,0,0.0,0.0,0.0,,,0.0,1.0,,4.0,,,,,0.0,,
596410,amer_kickoff_2026,eg,abyss,1,14,e,sb,ct,0.0,,51,,reduxx,t_elim,0,0.0,0.0,0.0,,,0.0,0.0,,,,,,,,,
596410,amer_kickoff_2026,eg,abyss,1,15,f,sb,ct,1.0,44.0,12,reduxx,,defuse,1,0.0,1.0,0.0,,,1.0,0.0,,2.0,0.0,1.0,,,,,
596410,amer_kickoff_2026,eg,abyss,1,16,f,f,ct,1.0,84.0,94,reduxx,,t_elim,0,0.0,0.0,0.0,,,0.0,0.0,,0.0,1.0,0.0,,,0.0,1.0,
596410,amer_kickoff_2026,eg,abyss,1,17,se,f,ct,1.0,75.0,92,,cortezia,t_elim,0,0.0,0.0,0.0,,,0.0,0.0,,1.0,0.0,0.0,,,0.0,1.0,
596410,amer_kickoff_2026,eg,abyss,1,18,f,f,ct,1.0,34.0,20,,cortezia,defuse,1,1.0,0.0,0.0,,,1.0,1.0,,1.0,1.0,,,,,,
596410,amer_kickoff_2026,eg,abyss,1,19,f,f,ct,1.0,42.0,32,cortezia,,time_no_defuse,0,2.0,0.0,1.0,,,0.0,0.0,,0.0,0.0,,,,0.0,1.0,
596410,amer_kickoff_2026,eg,abyss,1,20,se,sb,ct,1.0,100.0,19,cortezia,,defuse,1,1.0,1.0,1.0,,,0.0,0.0,,1.0,0.0,,,,1.0,0.0,
596410,amer_kickoff_2026,eg,abyss,1,21,f,sb,ct,0.0,,33,n4rrate,,ct_elim,1,0.0,1.0,0.0,,,2.0,2.0,,,,,,,,,
596410,amer_kickoff_2026,eg,pearl,2,1,e,e,t,0.0,,72,,kyu,ct_elim,0,0.0,1.0,1.0,,,1.0,0.0,,,,,,,,,
596410,amer_kickoff_2026,eg,pearl,2,2,e,sb,t,0.0,,53,,reduxx,ct_elim,0,1.0,0.0,0.0,,,1.0,0.0,,,,,,,,,
596410,amer_kickoff_2026,eg,pearl,2,3,f,sb,t,1.0,80.0,69,kyu,,t_elim,1,0.0,0.0,0.0,,,0.0,1.0,,2.0,0.0,1.0,,,0.0,1.0,
596410,amer_kickoff_2026,eg,pearl,2,4,f,f,t,0.0,,46,,reduxx,ct_elim,0,1.0,0.0,0.0,,,0.0,0.0,,,,,,,,,
596410,amer_kickoff_2026,eg,pearl,2,5,se,f,t,1.0,32.0,11,,n4rrate,defuse,0,0.0,1.0,0.0,,,0.0,0.0,,0.0,,1.0,,,,0.0,
596410,amer_kickoff_2026,eg,pearl,2,6,f,f,t,1.0,42.0,48,,reduxx,defuse,0,0.0,0.0,0.0,,,0.0,0.0,,0.0,0.0,0.0,,,0.0,1.0,
596410,amer_kickoff_2026,eg,pearl,2,7,f,f,t,1.0,73.0,61,reduxx,,t_elim,1,0.0,2.0,0.0,,,0.0,0.0,,0.0,3.0,0.0,,,0.0,0.0,
596410,amer_kickoff_2026,eg,pearl,2,8,f,f,t,1.0,69.0,15,reduxx,,t_elim,1,0.0,3.0,0.0,,,0.0,0.0,,1.0,0.0,0.0,,,0.0,1.0,
596410,amer_kickoff_2026,eg,pearl,2,9,f,se,t,1.0,54.0,36,johnqt,,defuse,0,1.0,0.0,0.0,,,0.0,1.0,,1.0,,,,,,1.0,
596410,amer_kickoff_2026,eg,pearl,2,10,f,f,t,1.0,27.0,42,,cortezia,time_no_defuse,1,0.0,0.0,0.0,,,0.0,0.0,,1.0,0.0,0.0,,,1.0,0.0,
596410,amer_kickoff_2026,eg,pearl,2,11,f,se,t,1.0,82.0,60,,cortezia,t_elim,1,0.0,0.0,0.0,,,0.0,0.0,,1.0,1.0,,,,2.0,1.0,
596410,amer_kickoff_2026,eg,pearl,2,12,f,f,t,1.0,45.0,55,,n4rrate,defuse,0,0.0,0.0,0.0,,,0.0,0.0,,,0.0,0.0,,,0.0,2.0,
596410,amer_kickoff_2026,eg,pearl,2,13,e,e,ct,1.0,73.0,65,,cortezia,t_elim,0,0.0,0.0,0.0,,,0.0,0.0,,1.0,0.0,,,,0.0,1.0,
596410,amer_kickoff_2026,eg,pearl,2,14,e,sb,ct,1.0,42.0,19,,kyu,time_no_defuse,0,1.0,0.0,0.0,,,1.0,0.0,,,,,,,0.0,,
596410,amer_kickoff_2026,eg,pearl,2,15,f,f,ct,0.0,,91,reduxx,,time_no_plant,1,0.0,1.0,0.0,,,0.0,1.0,,,,,,,,,
596410,amer_kickoff_2026,eg,pearl,2,16,f,f,ct,1.0,92.0,80,kyu,,defuse,1,0.0,1.0,1.0,,,0.0,1.0,,1.0,0.0,0.0,,,0.0,1.0,
596410,amer_kickoff_2026,eg,pearl,2,17,f,sb,ct,1.0,59.0,67,,cortezia,t_elim,0,0.0,0.0,0.0,,,0.0,0.0,,1.0,1.0,,,,2.0,0.0,
596410,amer_kickoff_2026,eg,pearl,2,18,f,f,ct,1.0,85.0,73,johnqt,,t_elim,0,2.0,0.0,0.0,,,0.0,0.0,,,,,,,0.0,1.0,
596410,amer_kickoff_2026,eg,pearl,2,19,sb,f,ct,0.0,,29,reduxx,,ct_elim,1,1.0,2.0,1.0,,,0.0,1.0,,,,,,,,,
596410,amer_kickoff_2026,eg,pearl,2,20,f,e,ct,1.0,27.0,26,,kyu,defuse,1,1.0,0.0,0.0,,,0.0,0.0,,3.0,1.0,1.0,,,,,
596410,amer_kickoff_2026,eg,pearl,2,21,f,f,ct,1.0,38.0,30,reduxx,,defuse,1,0.0,1.0,0.0,,,0.0,0.0,,0.0,0.0,0.0,,,0.0,1.0,
596410,amer_kickoff_2026,eg,pearl,2,22,f,f,ct,0.0,,70,,n4rrate,ct_elim,1,1.0,0.0,4.0,,,0.0,0.0,,,,,,,,,
596410,amer_kickoff_2026,eg,pearl,2,23,f,sb,ct,0.0,,13,reduxx,,time_no_plant,1,0.0,1.0,1.0,,,2.0,0.0,,,,,,,,,
596410,amer_kickoff_2026,eg,pearl,2,24,f,sb,ct,0.0,,16,reduxx,,ct_elim,1,2.0,1.0,0.0,,,1.0,1.0,,,,,,,,,
596413,amer_kickoff_2026,100t,corrode,1,1,e,e,ct,1.0,75.0,12,kyu,,time_no_defuse,0,1.0,0.0,0.0,,,0.0,2.0,,0.0,0.0,2.0,,,,,
596413,amer_kickoff_2026,100t,corrode,1,2,e,sb,ct,1.0,56.0,73,,n4rrate,t_elim,0,0.0,0.0,0.0,,,0.0,0.0,,0.0,0.0,0.0,,,0.0,0.0,
596413,amer_kickoff_2026,100t,corrode,1,3,f,sb,ct,1.0,83.0,11,,n4rrate,defuse,1,1.0,0.0,0.0,,,0.0,0.0,,,0.0,2.0,,,,2.0,
596413,amer_kickoff_2026,100t,corrode,1,4,sb,sb,ct,0.0,,50,kyu,,ct_elim,1,2.0,0.0,2.0,,,0.0,1.0,,,,,,,,,
596413,amer_kickoff_2026,100t,corrode,1,5,f,sb,ct,1.0,77.0,42,johnqt,,t_elim,0,1.0,0.0,1.0,,,0.0,1.0,,,1.0,,,,,0.0,
596413,amer_kickoff_2026,100t,corrode,1,6,f,f,ct,1.0,28.0,12,reduxx,,defuse,1,1.0,1.0,0.0,,,0.0,0.0,,1.0,1.0,0.0,,,0.0,1.0,
596413,amer_kickoff_2026,100t,corrode,1,7,f,se,ct,1.0,87.0,62,johnqt,,t_elim,0,1.0,0.0,0.0,,,0.0,0.0,,0.0,,2.0,,,0.0,,
596413,amer_kickoff_2026,100t,corrode,1,8,f,f,ct,1.0,75.0,85,reduxx,,defuse,1,0.0,0.0,0.0,,,0.0,0.0,,4.0,1.0,0.0,,,0.0,0.0,
596413,amer_kickoff_2026,100t,corrode,1,9,f,f,ct,1.0,38.0,34,,reduxx,time_no_defuse,0,0.0,0.0,0.0,,,0.0,0.0,,0.0,,0.0,,,0.0,0.0,
596413,amer_kickoff_2026,100t,corrode,1,10,f,f,ct,0.0,,65,reduxx,,ct_elim,1,0.0,1.0,3.0,,,1.0,0.0,,,,,,,,,
596413,amer_kickoff_2026,100t,corrode,1,11,f,f,ct,1.0,56.0,57,cortezia,,defuse,1,0.0,0.0,0.0,,,0.0,0.0,,3.0,0.0,1.0,,,0.0,2.0,
596413,amer_kickoff_2026,100t,corrode,1,12,f,sb,ct,1.0,94.0,28,,reduxx,defuse,1,3.0,0.0,0.0,,,0.0,1.0,,,,,,,,1.0,
596413,amer_kickoff_2026,100t,corrode,1,13,e,e,t,1.0,48.0,20,,cortezia,t_elim,1,0.0,2.0,0.0,,,1.0,1.0,,,0.0,,,,1.0,0.0,
596413,amer_kickoff_2026,100t,corrode,1,14,sb,e,t,0.0,,27,,reduxx,t_elim,1,5.0,0.0,0.0,,,0.0,0.0,,,,,,,,,
596413,amer_kickoff_2026,100t,corrode,1,15,sb,sb,t,0.0,,11,,reduxx,ct_elim,0,0.0,0.0,1.0,,,0.0,0.0,,,,,,,,,
596413,amer_kickoff_2026,100t,corrode,1,16,f,f,t,0.0,,20,reduxx,,ct_elim,0,0.0,1.0,0.0,,,0.0,1.0,,,,,,,,,
596413,amer_kickoff_2026,100t,corrode,1,17,se,f,t,0.0,,55,,kyu,ct_elim,0,0.0,0.0,0.0,,,0.0,0.0,,,,,,,,,
596413,amer_kickoff_2026,100t,corrode,1,18,f,f,t,0.0,,28,,reduxx,ct_elim,0,0.0,0.0,0.0,,,1.0,1.0,,,,,,,,,
596413,amer_kickoff_2026,100t,corrode,1,19,sb,f,t,0.0,,30,cortezia,,time_no_plant,0,0.0,0.0,1.0,,,0.0,0.0,,,,,,,,,
596413,amer_kickoff_2026,100t,corrode,1,20,sb,f,t,1.0,90.0,37,,reduxx,defuse,0,1.0,0.0,0.0,,,0.0,0.0,,,,,,,,0.0,
596413,amer_kickoff_2026,100t,corrode,1,21,f,f,t,1.0,31.0,8,n4rrate,,t_elim,1,1.0,0.0,0.0,,,2.0,0.0,,0.0,0.0,0.0,,,1.0,1.0,
596413,amer_kickoff_2026,100t,corrode,1,22,f,f,t,1.0,65.0,34,,kyu,defuse,0,0.0,0.0,0.0,,,1.0,0.0,,0.0,0.0,0.0,,,1.0,,
596413,amer_kickoff_2026,100t,corrode,1,23,f,f,t,0.0,,10,johnqt,,t_elim,1,4.0,0.0,1.0,,,0.0,0.0,,,,,,,,,
596413,amer_kickoff_2026,100t,corrode,1,24,f,f,t,0.0,,46,reduxx,,ct_elim,0,1.0,1.0,0.0,,,0.0,0.0,,,,,,,,,
596413,amer_kickoff_2026,100t,split,2,1,e,e,ct,1.0,39.0,22,,n4rrate,defuse,1,0.0,1.0,0.0,,,0.0,1.0,,1.0,,2.0,,,,,
596413,amer_kickoff_2026,100t,split,2,2,sb,e,ct,1.0,75.0,65,reduxx,,defuse,1,0.0,2.0,0.0,,,0.0,1.0,,0.0,1.0,0.0,,,1.0,,
596413,amer_kickoff_2026,100t,split,2,3,sb,f,ct,1.0,73.0,17,,reduxx,t_elim,0,0.0,0.0,1.0,,,0.0,1.0,,,,,,,0.0,0.0,
596413,amer_kickoff_2026,100t,split,2,4,f,f,ct,1.0,97.0,27,n4rrate,,t_elim,0,0.0,0.0,0.0,,,1.0,2.0,,0.0,,,,,,,
596413,amer_kickoff_2026,100t,split,2,5,se,f,ct,1.0,71.0,5,n4rrate,,time_no_defuse,0,0.0,0.0,0.0,,,1.0,0.0,,0.0,0.0,1.0,,,,0.0,
596413,amer_kickoff_2026,100t,split,2,6,f,f,ct,1.0,46.0,15,,johnqt,t_elim,0,0.0,1.0,1.0,,,0.0,0.0,,,,,,,0.0,,
596413,amer_kickoff_2026,100t,split,2,7,f,f,ct,1.0,39.0,52,,n4rrate,t_elim,0,0.0,0.0,0.0,,,0.0,0.0,,0.0,1.0,0.0,,,0.0,0.0,
596413,amer_kickoff_2026,100t,split,2,8,se,f,ct,1.0,34.0,5,,reduxx,time_no_defuse,0,0.0,0.0,0.0,,,0.0,1.0,,,,0.0,,,,0.0,
596413,amer_kickoff_2026,100t,split,2,9,f,f,ct,1.0,100.0,41,,reduxx,defuse,1,0.0,0.0,1.0,,,0.0,3.0,,1.0,,,,,0.0,,
596413,amer_kickoff_2026,100t,split,2,10,f,f,ct,1.0,95.0,38,n4rrate,,defuse,1,1.0,0.0,1.0,,,2.0,0.0,,,1.0,0.0,,,,,
596413,amer_kickoff_2026,100t,split,2,11,f,f,ct,1.0,36.0,19,,reduxx,time_no_defuse,0,0.0,0.0,0.0,,,0.0,0.0,,0.0,,0.0,,,,0.0,
596413,amer_kickoff_2026,100t,split,2,12,f,f,ct,0.0,,8,,kyu,t_elim,0,0.0,0.0,2.0,,,1.0,0.0,,,,,,,,,
596413,amer_kickoff_2026,100t,split,2,13,e,e,t,1.0,38.0,27,reduxx,,t_elim,1,0.0,2.0,0.0,,,1.0,0.0,,1.0,1.0,0.0,,,,0.0,
596413,amer_kickoff_2026,100t,split,2,14,sb,e,t,0.0,,35,cortezia,,ct_elim,0,0.0,2.0,1.0,,,0.0,0.0,,,,,,,,,
596413,amer_kickoff_2026,100t,split,2,15,se,f,t,0.0,,16,,n4rrate,ct_elim,0,0.0,1.0,1.0,,,0.0,1.0,,,,,,,,,
596413,amer_kickoff_2026,100t,split,2,16,f,f,t,1.0,93.0,10,n4rrate,,time_no_defuse,1,0.0,2.0,0.0,,,1.0,1.0,,0.0,0.0,0.0,,,0.0,0.0,
596413,amer_kickoff_2026,100t,split,2,17,f,sb,t,1.0,87.0,23,reduxx,,t_elim,1,0.0,1.0,0.0,,,2.0,0.0,,0.0,1.0,,,,,1.0,
596413,amer_kickoff_2026,100t,split,2,18,f,se,t,1.0,79.0,13,n4rrate,,defuse,0,1.0,0.0,1.0,,,1.0,0.0,,1.0,0.0,,,,,,
596413,amer_kickoff_2026,100t,split,2,19,f,f,t,1.0,35.0,24,reduxx,,t_elim,1,0.0,1.0,1.0,,,0.0,0.0,,1.0,1.0,0.0,,,1.0,0.0,
596413,amer_kickoff_2026,100t,split,2,20,f,se,t,1.0,84.0,28,cortezia,,t_elim,1,1.0,0.0,1.0,,,0.0,0.0,,0.0,3.0,,,,0.0,0.0,
596413,amer_kickoff_2026,100t,split,2,21,f,f,t,1.0,93.0,30,,n4rrate,defuse,0,0.0,1.0,0.0,,,0.0,0.0,,1.0,,0.0,,,,0.0,
596413,amer_kickoff_2026,100t,split,2,22,f,f,t,1.0,89.0,75,johnqt,,time_no_defuse,1,1.0,2.0,0.0,,,1.0,0.0,,0.0,0.0,0.0,,,,,
596413,amer_kickoff_2026,100t,split,2,23,f,sb,t,1.0,23.0,13,,reduxx,t_elim,1,3.0,0.0,0.0,,,0.0,0.0,,2.0,,0.0,,,,0.0,
596413,amer_kickoff_2026,100t,split,2,24,f,sb,t,,,12,reduxx,,t_elim,1,0.0,2.0,0.0,,,2.0,1.0,,,,,,,,,
596413,amer_kickoff_2026,100t,split,2,25,f,f,ct,1.0,71.0,59,,johnqt,t_elim,0,0.0,2.0,0.0,,,0.0,0.0,,,,,,,,1.0,
596413,amer_kickoff_2026,100t,split,2,26,f,f,t,1.0,89.0,29,,n4rrate,t_elim,1,0.0,0.0,1.0,,,0.0,0.0,,3.0,1.0,0.0,,,,0.0,
596413,amer_kickoff_2026,100t,split,2,27,f,f,ct,1.0,29.0,22,,n4rrate,t_elim,0,0.0,1.0,1.0,,,0.0,0.0,,0.0,1.0,0.0,,,,,
596413,amer_kickoff_2026,100t,split,2,28,f,f,t,1.0,66.0,25,reduxx,,t_elim,1,1.0,1.0,2.0,,,0.0,0.0,,0.0,,1.0,,,,,
596413,amer_kickoff_2026,100t,split,2,29,f,f,ct,1.0,76.0,61,,cortezia,t_elim,0,0.0,0.0,0.0,,,0.0,0.0,,0.0,0.0,,,,0.0,,
596413,amer_kickoff_2026,100t,split,2,30,f,f,t,1.0,93.0,79,,kyu,defuse,0,2.0,1.0,0.0,,,0.0,0.0,,0.0,0.0,,,,,,
596422,amer_kickoff_2026,lev,corrode,1,1,e,e,t,1.0,51.0,8,,reduxx,defuse,0,0.0,0.0,2.0,,,1.0,0.0,,0.0,,1.0,,,,,
596422,amer_kickoff_2026,lev,corrode,1,2,e,sb,t,1.0,23.0,13,,kyu,t_elim,1,1.0,0.0,0.0,,,1.0,0.0,,1.0,0.0,0.0,,,2.0,,
596422,amer_kickoff_2026,lev,corrode,1,3,f,e,t,,,54,reduxx,,t_elim,1,2.0,1.0,1.0,,,0.0,1.0,,,,,,,,,
596422,amer_kickoff_2026,lev,corrode,1,4,f,f,t,1.0,62.0,48,n4rrate,,time_no_defuse,1,0.0,0.0,1.0,,,2.0,0.0,,0.0,0.0,0.0,,,0.0,0.0,
596422,amer_kickoff_2026,lev,corrode,1,5,f,sb,t,1.0,45.0,24,reduxx,,t_elim,1,1.0,1.0,0.0,,,1.0,1.0,,1.0,0.0,,,,0.0,0.0,
596422,amer_kickoff_2026,lev,corrode,1,6,f,f,t,0.0,,4,,reduxx,ct_elim,0,0.0,0.0,0.0,,,0.0,0.0,,,,,,,,,
596422,amer_kickoff_2026,lev,corrode,1,7,f,f,t,1.0,30.0,43,,kyu,defuse,0,0.0,0.0,0.0,,,0.0,0.0,,0.0,0.0,0.0,,,0.0,0.0,
596422,amer_kickoff_2026,lev,corrode,1,8,f,f,t,1.0,29.0,13,kyu,,t_elim,1,0.0,0.0,0.0,,,1.0,1.0,,0.0,1.0,0.0,,,,2.0,
596422,amer_kickoff_2026,lev,corrode,1,9,f,f,t,1.0,84.0,33,,reduxx,defuse,0,1.0,0.0,0.0,,,0.0,0.0,,0.0,,0.0,,,,0.0,
596422,amer_kickoff_2026,lev,corrode,1,10,f,f,t,0.0,,68,cortezia,,ct_elim,0,0.0,1.0,1.0,,,0.0,0.0,,,,,,,,,
596422,amer_kickoff_2026,lev,corrode,1,11,sb,f,t,1.0,19.0,32,,reduxx,defuse,0,0.0,0.0,0.0,,,0.0,0.0,,0.0,0.0,1.0,,,0.0,0.0,
596422,amer_kickoff_2026,lev,corrode,1,12,f,f,t,1.0,25.0,48,,reduxx,defuse,0,0.0,0.0,0.0,,,0.0,0.0,,0.0,0.0,0.0,,,0.0,3.0,
596422,amer_kickoff_2026,lev,corrode,1,13,e,e,ct,1.0,97.0,5,n4rrate,,defuse,1,0.0,0.0,0.0,,,1.0,0.0,,0.0,2.0,0.0,,,0.0,2.0,
596422,amer_kickoff_2026,lev,corrode,1,14,sb,e,ct,0.0,,47,n4rrate,,ct_elim,1,1.0,1.0,1.0,,,1.0,1.0,,,,,,,,,
596422,amer_kickoff_2026,lev,corrode,1,15,sb,f,ct,1.0,91.0,85,,n4rrate,t_elim,0,0.0,0.0,0.0,,,0.0,0.0,,0.0,2.0,0.0,,,,0.0,
596422,amer_kickoff_2026,lev,corrode,1,16,f,f,ct,1.0,42.0,11,kyu,,time_no_defuse,0,0.0,0.0,0.0,,,1.0,1.0,,0.0,0.0,,,,,0.0,
596422,amer_kickoff_2026,lev,corrode,1,17,sb,f,ct,1.0,88.0,21,reduxx,,defuse,1,0.0,2.0,0.0,,,0.0,0.0,,0.0,0.0,1.0,,,1.0,1.0,
596422,amer_kickoff_2026,lev,corrode,1,18,f,f,ct,1.0,49.0,13,n4rrate,,time_no_defuse,0,0.0,0.0,0.0,,,1.0,0.0,,0.0,0.0,,,,,,
596422,amer_kickoff_2026,lev,corrode,1,19,f,f,ct,1.0,93.0,17,kyu,,time_no_defuse,0,0.0,0.0,0.0,,,1.0,1.0,,0.0,2.0,1.0,,,0.0,0.0,
596422,amer_kickoff_2026,lev,corrode,1,20,f,f,ct,0.0,,67,reduxx,,time_no_plant,1,0.0,1.0,0.0,,,1.0,1.0,,,,,,,,,
596422,amer_kickoff_2026,lev,corrode,1,21,f,f,ct,1.0,84.0,58,,cortezia,defuse,1,0.0,0.0,0.0,,,0.0,1.0,,0.0,1.0,,,,2.0,1.0,
596422,amer_kickoff_2026,lev,corrode,1,22,f,se,ct,1.0,88.0,59,n4rrate,,t_elim,0,0.0,0.0,1.0,,,1.0,0.0,,1.0,,0.0,,,,,
596422,amer_kickoff_2026,lev,corrode,1,23,f,f,ct,1.0,91.0,10,,n4rrate,t_elim,0,0.0,0.0,1.0,,,0.0,1.0,,,,,,,0.0,,
596422,amer_kickoff_2026,lev,bind,2,1,e,e,t,1.0,51.0,22,,n4rrate,t_elim,1,0.0,1.0,0.0,,,0.0,0.0,,0.0,0.0,2.0,,,,2.0,
596422,amer_kickoff_2026,lev,bind,2,2,sb,e,t,1.0,39.0,21,n4rrate,,time_no_defuse,1,0.0,0.0,0.0,,,2.0,0.0,,0.0,0.0,0.0,,,,0.0,
596422,amer_kickoff_2026,lev,bind,2,3,f,f,t,0.0,,2,,n4rrate,ct_elim,0,0.0,0.0,0.0,,,0.0,1.0,,,,,,,,,
596422,amer_kickoff_2026,lev,bind,2,4,f,f,t,1.0,74.0,17,,n4rrate,defuse,0,0.0,0.0,0.0,,,0.0,0.0,,1.0,0.0,1.0,,,,0.0,
596422,amer_kickoff_2026,lev,bind,2,5,se,f,t,0.0,,3,,cortezia,ct_elim,0,0.0,0.0,0.0,,,0.0,0.0,,,,,,,,,
596422,amer_kickoff_2026,lev,bind,2,6,f,f,t,0.0,,6,n4rrate,,ct_elim,0,0.0,0.0,0.0,,,1.0,0.0,,,,,,,,,
596422,amer_kickoff_2026,lev,bind,2,7,sb,f,t,0.0,,42,,kyu,ct_elim,0,0.0,0.0,0.0,,,1.0,0.0,,,,,,,,,
596422,amer_kickoff_2026,lev,bind,2,8,f,f,t,1.0,20.0,43,,kyu,time_no_defuse,1,0.0,0.0,0.0,,,0.0,0.0,,0.0,1.0,0.0,,,1.0,0.0,
596422,amer_kickoff_2026,lev,bind,2,9,sb,f,t,0.0,,9,,cortezia,ct_elim,0,0.0,0.0,0.0,,,2.0,1.0,,,,,,,,,
596422,amer_kickoff_2026,lev,bind,2,10,e,f,t,1.0,73.0,61,n4rrate,,defuse,0,0.0,0.0,0.0,,,1.0,0.0,,0.0,0.0,0.0,,,0.0,0.0,
596422,amer_kickoff_2026,lev,bind,2,11,sb,f,t,0.0,,34,,reduxx,ct_elim,0,1.0,0.0,1.0,,,0.0,1.0,,,,,,,,,
596422,amer_kickoff_2026,lev,bind,2,12,f,f,t,1.0,83.0,9,n4rrate,,t_elim,1,0.0,0.0,0.0,,,3.0,0.0,,,1.0,0.0,,,1.0,,
596422,amer_kickoff_2026,lev,bind,2,13,e,e,ct,0.0,,12,,reduxx,ct_elim,1,1.0,0.0,2.0,,,1.0,1.0,,,,,,,,,
596422,amer_kickoff_2026,lev,bind,2,14,sb,e,ct,1.0,35.0,20,reduxx,,defuse,1,0.0,1.0,1.0,,,0.0,0.0,,0.0,1.0,1.0,,,0.0,1.0,
596422,amer_kickoff_2026,lev,bind,2,15,sb,f,ct,0.0,,48,,cortezia,time_no_plant,1,1.0,2.0,0.0,,,1.0,0.0,,,,,,,,,
596422,amer_kickoff_2026,lev,bind,2,16,f,sb,ct,0.0,,9,reduxx,,ct_elim,1,1.0,1.0,2.0,,,0.0,1.0,,,,,,,,,
596422,amer_kickoff_2026,lev,bind,2,17,f,sb,ct,0.0,,5,n4rrate,,time_no_plant,1,0.0,1.0,1.0,,,1.0,0.0,,,,,,,,,
596422,amer_kickoff_2026,lev,bind,2,18,f,sb,ct,0.0,,9,n4rrate,,ct_elim,1,0.0,4.0,0.0,,,1.0,0.0,,0.0,2.0,1.0,,,0.0,1.0,
596422,amer_kickoff_2026,lev,bind,2,19,f,f,ct,1.0,22.0,7,n4rrate,,defuse,1,0.0,0.0,0.0,,,1.0,0.0,,0.0,2.0,1.0,,,0.0,1.0,
596422,amer_kickoff_2026,lev,bind,2,20,f,sb,ct,0.0,,6,cortezia,,ct_elim,1,0.0,1.0,2.0,,,0.0,2.0,,,,,,,,,
596422,amer_kickoff_2026,lev,bind,2,21,f,f,ct,1.0,28.0,14,,reduxx,t_elim,0,0.0,0.0,0.0,,,1.0,0.0,,1.0,,,,,1.0,0.0,
596422,amer_kickoff_2026,lev,bind,2,22,f,f,ct,1.0,88.0,23,,kyu,time_no_defuse,0,0.0,1.0,0.0,,,0.0,0.0,,0.0,0.0,3.0,,,,,
596422,amer_kickoff_2026,lev,bind,2,23,f,f,ct,1.0,86.0,72,n4rrate,,t_elim,0,0.0,0.0,1.0,,,1.0,0.0,,,,0.0,,,,,
596422,amer_kickoff_2026,lev,bind,2,24,f,f,ct,1.0,72.0,43,,reduxx,t_elim,0,1.0,0.0,0.0,,,0.0,0.0,,0.0,0.0,2.0,,,1.0,,
596422,amer_kickoff_2026,lev,bind,2,25,f,f,t,1.0,31.0,32,,kyu,defuse,0,0.0,0.0,0.0,,,0.0,1.0,,0.0,0.0,0.0,,,0.0,0.0,
596422,amer_kickoff_2026,lev,bind,2,26,f,f,ct,1.0,93.0,3,,n4rrate,t_elim,0,0.0,0.0,0.0,,,0.0,1.0,,,1.0,0.0,,,,,
645474,amer_stage_1_2026,kru,lotus,1,1,e,e,t,1.0,65.0,33,reduxx,,t_elim,1,1.0,1.0,1.0,0.0,,,,0.0,,,0.0,1.0,,,,
645474,amer_stage_1_2026,kru,lotus,1,2,sb,e,t,1.0,41.0,26,,victor,defuse,0,0.0,0.0,0.0,0.0,,,,0.0,1.0,1.0,0.0,0.0,,,,
645474,amer_stage_1_2026,kru,lotus,1,3,se,f,t,0.0,,21,,johnqt,ct_elim,0,0.0,0.0,0.0,0.0,,,,1.0,,,,,,,,
645474,amer_stage_1_2026,kru,lotus,1,4,f,f,t,1.0,84.0,29,,victor,t_elim,1,0.0,1.0,1.0,0.0,,,,0.0,0.0,3.0,,0.0,,,,
645474,amer_stage_1_2026,kru,lotus,1,5,f,f,t,0.0,,67,,victor,time_no_plant,0,2.0,0.0,0.0,0.0,,,,0.0,,,,,,,,
645474,amer_stage_1_2026,kru,lotus,1,6,sb,f,t,0.0,,25,,victor,ct_elim,0,0.0,2.0,0.0,0.0,,,,0.0,,,,,,,,
645474,amer_stage_1_2026,kru,lotus,1,7,sb,f,t,0.0,,5,,victor,ct_elim,0,0.0,0.0,0.0,0.0,,,,0.0,,,,,,,,
645474,amer_stage_1_2026,kru,lotus,1,8,se,f,t,0.0,,28,,johnqt,ct_elim,0,0.0,0.0,0.0,0.0,,,,0.0,,,,,,,,
645474,amer_stage_1_2026,kru,lotus,1,9,f,f,t,1.0,68.0,15,victor,,t_elim,1,2.0,0.0,1.0,0.0,,,,1.0,1.0,0.0,0.0,,,,,
645474,amer_stage_1_2026,kru,lotus,1,10,f,f,t,1.0,86.0,64,reduxx,,defuse,0,1.0,1.0,0.0,0.0,,,,1.0,0.0,,0.0,0.0,,,,0.0
645474,amer_stage_1_2026,kru,lotus,1,11,se,f,t,0.0,,77,,cortezia,ct_elim,0,1.0,0.0,0.0,1.0,,,,0.0,,,,,,,,
645474,amer_stage_1_2026,kru,lotus,1,12,f,f,t,1.0,54.0,13,,jonahp,t_elim,1,0.0,0.0,2.0,0.0,,,,1.0,0.0,0.0,2.0,,,,,0.0
645474,amer_stage_1_2026,kru,lotus,1,13,e,e,ct,1.0,70.0,4,victor,,t_elim,0,0.0,0.0,1.0,0.0,,,,1.0,0.0,0.0,1.0,,,,,0.0
645474,amer_stage_1_2026,kru,lotus,1,14,e,sb,ct,1.0,38.0,53,,jonahp,t_elim,0,0.0,0.0,0.0,0.0,,,,0.0,0.0,0.0,0.0,0.0,,,,0.0
645474,amer_stage_1_2026,kru,lotus,1,15,f,sb,ct,0.0,,58,cortezia,,ct_elim,1,1.0,1.0,1.0,0.0,,,,2.0,,,,,,,,
645474,amer_stage_1_2026,kru,lotus,1,16,sb,f,ct,1.0,26.0,19,,cortezia,t_elim,0,0.0,0.0,0.0,0.0,,,,0.0,1.0,1.0,,0.0,,,,0.0
645474,amer_stage_1_2026,kru,lotus,1,17,sb,f,ct,1.0,87.0,51,,jonahp,t_elim,0,0.0,0.0,0.0,0.0,,,,0.0,0.0,1.0,1.0,,,,,0.0
645474,amer_stage_1_2026,kru,lotus,1,18,sb,f,ct,0.0,,5,victor,,ct_elim,1,2.0,1.0,0.0,0.0,,,,2.0,,,,,,,,
645474,amer_stage_1_2026,kru,lotus,1,19,f,f,ct,0.0,,15,jonahp,,time_no_plant,1,0.0,1.0,0.0,1.0,,,,2.0,,,,,,,,
645474,amer_stage_1_2026,kru,lotus,1,20,f,sb,ct,1.0,20.0,37,victor,,defuse,1,0.0,0.0,0.0,0.0,,,,0.0,1.0,1.0,0.0,2.0,,,,1.0
645474,amer_stage_1_2026,kru,lotus,1,21,f,sb,ct,1.0,87.0,76,cortezia,,t_elim,0,0.0,1.0,1.0,0.0,,,,0.0,1.0,0.0,,,,,,
645474,amer_stage_1_2026,kru,breeze,2,1,e,e,t,1.0,24.0,23,jonahp,,defuse,0,0.0,0.0,0.0,1.0,,,,0.0,0.0,0.0,0.0,0.0,,,,0.0
645474,amer_stage_1_2026,kru,breeze,2,2,e,sb,t,1.0,28.0,18,victor,,defuse,0,0.0,1.0,0.0,0.0,,,,1.0,0.0,0.0,0.0,1.0,,,,0.0
645474,amer_stage_1_2026,kru,breeze,2,3,f,sb,t,1.0,69.0,19,,reduxx,defuse,0,0.0,0.0,0.0,0.0,,,,0.0,2.0,,0.0,,,,,2.0
645474,amer_stage_1_2026,kru,breeze,2,4,sb,f,t,0.0,,19,,johnqt,t_elim,1,0.0,4.0,1.0,0.0,,,,0.0,,,,,,,,
645474,amer_stage_1_2026,kru,breeze,2,5,sb,f,t,1.0,23.0,3,reduxx,,t_elim,1,0.0,2.0,0.0,0.0,,,,0.0,2.0,0.0,0.0,0.0,,,,1.0
645474,amer_stage_1_2026,kru,breeze,2,6,f,se,t,1.0,58.0,38,victor,,time_no_defuse,1,0.0,0.0,2.0,0.0,,,,1.0,1.0,,0.0,0.0,,,,
645474,amer_stage_1_2026,kru,breeze,2,7,f,f,t,1.0,74.0,52,johnqt,,time_no_defuse,1,2.0,0.0,0.0,0.0,,,,1.0,0.0,,0.0,1.0,,,,0.0
645474,amer_stage_1_2026,kru,breeze,2,8,f,sb,t,1.0,27.0,12,,victor,t_elim,1,2.0,1.0,0.0,0.0,,,,0.0,2.0,,0.0,0.0,,,,
645474,amer_stage_1_2026,kru,breeze,2,9,f,sb,t,1.0,98.0,71,,reduxx,defuse,0,1.0,0.0,0.0,2.0,,,,0.0,,,,0.0,,,,
645474,amer_stage_1_2026,kru,breeze,2,10,f,f,t,0.0,,18,,reduxx,ct_elim,0,0.0,0.0,0.0,1.0,,,,0.0,,,,,,,,
645474,amer_stage_1_2026,kru,breeze,2,11,f,f,t,0.0,,6,,victor,ct_elim,0,0.0,1.0,0.0,0.0,,,,0.0,,,,,,,,
645474,amer_stage_1_2026,kru,breeze,2,12,f,f,t,0.0,,11,,reduxx,ct_elim,0,1.0,0.0,0.0,0.0,,,,1.0,,,,,,,,
645474,amer_stage_1_2026,kru,breeze,2,13,e,e,ct,1.0,41.0,16,victor,,t_elim,0,1.0,0.0,0.0,1.0,,,,1.0,,,1.0,0.0,,,,
645474,amer_stage_1_2026,kru,breeze,2,14,e,sb,ct,0.0,,38,,victor,t_elim,0,0.0,0.0,1.0,0.0,,,,0.0,,,,,,,,
645474,amer_stage_1_2026,kru,breeze,2,15,sb,sb,ct,0.0,,16,,jonahp,ct_elim,1,1.0,0.0,2.0,0.0,,,,2.0,,,,,,,,
645474,amer_stage_1_2026,kru,breeze,2,16,sb,f,ct,1.0,82.0,50,,jonahp,t_elim,0,0.0,0.0,0.0,0.0,,,,0.0,2.0,,,,,,,
645474,amer_stage_1_2026,kru,breeze,2,17,se,f,ct,1.0,41.0,32,,victor,defuse,1,0.0,1.0,0.0,0.0,,,,0.0,0.0,3.0,0.0,1.0,,,,
645474,amer_stage_1_2026,kru,breeze,2,18,f,sb,ct,0.0,,4,victor,,time_no_plant,1,1.0,0.0,0.0,0.0,,,,2.0,,,,,,,,
645474,amer_stage_1_2026,kru,breeze,2,19,f,sb,ct,1.0,31.0,16,,cortezia,t_elim,0,0.0,0.0,0.0,0.0,,,,1.0,0.0,0.0,,1.0,,,,0.0
645474,amer_stage_1_2026,kru,breeze,2,20,f,f,ct,0.0,,36,victor,,ct_elim,1,0.0,0.0,1.0,2.0,,,,2.0,,,,,,,,
645474,amer_stage_1_2026,kru,breeze,2,21,f,sb,ct,1.0,35.0,18,victor,,time_no_defuse,0,0.0,0.0,0.0,0.0,,,,1.0,3.0,,0.0,0.0,,,,
645474,amer_stage_1_2026,kru,breeze,2,22,f,f,ct,1.0,23.0,15,,jonahp,t_elim,0,0.0,1.0,0.0,0.0,,,,0.0,,,1.0,,,,,
645485,amer_stage_1_2026,100t,haven,1,1,e,e,t,1.0,20.0,12,,jerrwin,defuse,0,0.0,0.0,0.0,0.0,0.0,,,,1.0,,0.0,1.0,,,,
645485,amer_stage_1_2026,100t,haven,1,2,sb,sb,t,1.0,26.0,13,jerrwin,,t_elim,1,0.0,0.0,0.0,0.0,1.0,,,,1.0,1.0,2.0,0.0,0.0,,,
645485,amer_stage_1_2026,100t,haven,1,3,sb,e,t,1.0,66.0,51,cortezia,,time_no_defuse,1,0.0,0.0,1.0,0.0,0.0,,,,0.0,0.0,0.0,0.0,0.0,,,
645485,amer_stage_1_2026,100t,haven,1,4,f,sb,t,1.0,55.0,39,jerrwin,,time_no_defuse,1,0.0,1.0,0.0,0.0,2.0,,,,0.0,0.0,0.0,0.0,0.0,,,
645485,amer_stage_1_2026,100t,haven,1,5,f,sb,t,0.0,,59,,jerrwin,ct_elim,0,2.0,0.0,1.0,0.0,0.0,,,,,,,,,,,
645485,amer_stage_1_2026,100t,haven,1,6,f,sb,t,1.0,29.0,13,jerrwin,,defuse,0,0.0,1.0,0.0,0.0,1.0,,,,1.0,0.0,,1.0,,,,
645485,amer_stage_1_2026,100t,haven,1,7,f,f,t,1.0,81.0,55,johnqt,,time_no_defuse,1,1.0,1.0,0.0,0.0,0.0,,,,0.0,0.0,1.0,0.0,0.0,,,
645485,amer_stage_1_2026,100t,haven,1,8,f,sb,t,1.0,55.0,32,jonahp,,time_no_defuse,1,0.0,0.0,1.0,1.0,2.0,,,,0.0,1.0,0.0,0.0,0.0,,,
645485,amer_stage_1_2026,100t,haven,1,9,f,se,t,1.0,88.0,25,,johnqt,t_elim,1,0.0,2.0,1.0,0.0,0.0,,,,,,1.0,,1.0,,,
645485,amer_stage_1_2026,100t,haven,1,10,f,f,t,1.0,97.0,13,jerrwin,,defuse,0,0.0,0.0,0.0,0.0,1.0,,,,,,0.0,,,,,
645485,amer_stage_1_2026,100t,haven,1,11,f,f,t,1.0,46.0,30,,jerrwin,t_elim,1,0.0,1.0,1.0,2.0,0.0,,,,,0.0,0.0,1.0,,,,
645485,amer_stage_1_2026,100t,haven,1,12,f,f,t,0.0,,77,,cortezia,ct_elim,0,1.0,1.0,0.0,0.0,0.0,,,,,,,,,,,
645485,amer_stage_1_2026,100t,haven,1,13,e,e,ct,1.0,27.0,35,,jonahp,defuse,1,0.0,0.0,0.0,0.0,0.0,,,,2.0,2.0,1.0,0.0,0.0,,,
645485,amer_stage_1_2026,100t,haven,1,14,sb,e,ct,0.0,,34,,jerrwin,ct_elim,1,0.0,1.0,1.0,3.0,0.0,,,,,,,,,,,
645485,amer_stage_1_2026,100t,haven,1,15,sb,f,ct,1.0,74.0,23,jerrwin,,defuse,1,0.0,2.0,0.0,0.0,1.0,,,,0.0,,1.0,0.0,1.0,,,
645485,amer_stage_1_2026,100t,haven,1,16,f,se,ct,0.0,,6,reduxx,,ct_elim,1,0.0,3.0,0.0,1.0,1.0,,,,,,,,,,,
645485,amer_stage_1_2026,100t,haven,1,17,f,f,ct,1.0,70.0,59,,johnqt,t_elim,0,0.0,0.0,0.0,0.0,0.0,,,,,1.0,1.0,2.0,0.0,,,
645485,amer_stage_1_2026,100t,haven,1,18,f,f,ct,1.0,48.0,18,cortezia,,t_elim,0,0.0,0.0,1.0,0.0,0.0,,,,0.0,1.0,0.0,0.0,0.0,,,
645485,amer_stage_1_2026,100t,haven,1,19,sb,f,ct,1.0,28.0,10,cortezia,,t_elim,0,0.0,0.0,1.0,0.0,0.0,,,,0.0,0.0,,0.0,0.0,,,
645485,amer_stage_1_2026,100t,haven,1,20,se,f,ct,1.0,53.0,64,cortezia,,defuse,1,0.0,0.0,0.0,0.0,0.0,,,,1.0,1.0,3.0,0.0,0.0,,,
645485,amer_stage_1_2026,100t,haven,1,21,f,f,ct,1.0,35.0,23,cortezia,,time_no_defuse,0,0.0,0.0,1.0,0.0,0.0,,,,2.0,0.0,0.0,0.0,1.0,,,
645485,amer_stage_1_2026,100t,haven,1,22,f,f,ct,1.0,46.0,3,,jonahp,time_no_defuse,0,0.0,0.0,0.0,0.0,0.0,,,,0.0,0.0,0.0,,0.0,,,
645485,amer_stage_1_2026,100t,haven,1,23,f,f,ct,0.0,,21,,johnqt,ct_elim,1,0.0,2.0,0.0,1.0,2.0,,,,,,,,,,,
645485,amer_stage_1_2026,100t,split,2,1,e,e,t,0.0,,15,jerrwin,,ct_elim,0,0.0,1.0,0.0,1.0,1.0,,,,,,,,,,,
645485,amer_stage_1_2026,100t,split,2,2,e,sb,t,0.0,,31,,jerrwin,ct_elim,0,0.0,0.0,0.0,1.0,0.0,,,,,,,,,,,
645485,amer_stage_1_2026,100t,split,2,3,f,sb,t,1.0,63.0,34,,reduxx,time_no_defuse,1,0.0,0.0,2.0,0.0,0.0,,,,0.0,,,0.0,2.0,,,
645485,amer_stage_1_2026,100t,split,2,4,f,f,t,1.0,71.0,50,,jerrwin,defuse,0,1.0,0.0,1.0,0.0,0.0,,,,,1.0,0.0,1.0,,,,
645485,amer_stage_1_2026,100t,split,2,5,sb,f,t,0.0,,47,,jerrwin,ct_elim,0,0.0,0.0,0.0,0.0,0.0,,,,,,,,,,,
645485,amer_stage_1_2026,100t,split,2,6,se,f,t,0.0,,31,,cortezia,ct_elim,0,1.0,0.0,0.0,0.0,1.0,,,,,,,,,,,
645485,amer_stage_1_2026,100t,split,2,7,f,f,t,1.0,74.0,55,jerrwin,,time_no_defuse,1,0.0,0.0,0.0,0.0,2.0,,,,0.0,2.0,0.0,0.0,,,,
645485,amer_stage_1_2026,100t,split,2,8,sb,f,t,1.0,82.0,8,,jerrwin,t_elim,1,0.0,2.0,1.0,1.0,0.0,,,,0.0,1.0,0.0,,,,,
645485,amer_stage_1_2026,100t,split,2,9,f,f,t,1.0,68.0,37,jerrwin,,defuse,0,0.0,1.0,0.0,0.0,1.0,,,,,,,0.0,,,,
645485,amer_stage_1_2026,100t,split,2,10,sb,f,t,0.0,,40,,jerrwin,time_no_plant,0,0.0,1.0,0.0,0.0,0.0,,,,,,,,,,,
645485,amer_stage_1_2026,100t,split,2,11,f,f,t,1.0,28.0,13,cortezia,,time_no_defuse,1,1.0,0.0,1.0,0.0,0.0,,,,0.0,0.0,,1.0,2.0,,,
645485,amer_stage_1_2026,100t,split,2,12,f,f,t,0.0,,42,,cortezia,ct_elim,0,0.0,0.0,0.0,0.0,0.0,,,,,,,,,,,
645485,amer_stage_1_2026,100t,split,2,13,e,e,ct,0.0,,18,cortezia,,ct_elim,1,1.0,0.0,1.0,0.0,3.0,,,,,,,,,,,
645485,amer_stage_1_2026,100t,split,2,14,sb,e,ct,0.0,,29,reduxx,,ct_elim,1,0.0,1.0,2.0,2.0,0.0,,,,,,,,,,,
645485,amer_stage_1_2026,100t,split,2,15,sb,f,ct,0.0,,28,jerrwin,,time_no_plant,1,0.0,0.0,1.0,0.0,2.0,,,,,,,,,,,
645485,amer_stage_1_2026,100t,split,2,16,f,sb,ct,1.0,95.0,75,,jonahp,t_elim,0,0.0,0.0,2.0,0.0,1.0,,,,0.0,1.0,,,,,,
645485,amer_stage_1_2026,100t,split,2,17,f,f,ct,1.0,75.0,2,jerrwin,,t_elim,0,0.0,1.0,0.0,1.0,1.0,,,,,,,0.0,,,,
645485,amer_stage_1_2026,100t,split,2,18,sb,f,ct,0.0,,67,cortezia,,time_no_plant,1,0.0,0.0,3.0,1.0,0.0,,,,,,,,,,,
645485,amer_stage_1_2026,100t,split,2,19,f,f,ct,0.0,,15,,johnqt,ct_elim,1,0.0,1.0,2.0,2.0,0.0,,,,,,,,,,,
645485,amer_stage_1_2026,100t,split,2,20,f,se,ct,0.0,,10,,cortezia,t_elim,0,0.0,2.0,0.0,0.0,0.0,,,,,,,,,,,
645485,amer_stage_1_2026,100t,split,2,21,se,f,ct,0.0,,12,,jonahp,ct_elim,1,1.0,0.0,4.0,0.0,1.0,,,,,,,,,,,
645485,amer_stage_1_2026,100t,split,2,22,f,se,ct,0.0,,28,cortezia,,ct_elim,1,2.0,0.0,2.0,0.0,1.0,,,,,,,,,,,
645485,amer_stage_1_2026,100t,split,2,23,f,f,ct,1.0,82.0,68,,johnqt,t_elim,0,0.0,1.0,0.0,0.0,1.0,,,,,,1.0,1.0,0.0,,,
645485,amer_stage_1_2026,100t,split,2,24,f,f,ct,1.0,73.0,5,jerrwin,,defuse,1,1.0,0.0,1.0,0.0,1.0,,,,,,,2.0,,,,
645485,amer_stage_1_2026,100t,split,2,25,f,f,t,0.0,,41,,jerrwin,ct_elim,0,2.0,1.0,0.0,1.0,0.0,,,,,,,,,,,
645485,amer_stage_1_2026,100t,split,2,26,f,f,ct,0.0,,4,reduxx,,ct_elim,1,0.0,3.0,2.0,0.0,0.0,,,,,,,,,,,
645485,amer_stage_1_2026,100t,split,2,27,f,f,t,0.0,,25,,cortezia,ct_elim,0,0.0,1.0,0.0,0.0,0.0,,,,,,,,,,,
645485,amer_stage_1_2026,100t,split,2,28,f,f,ct,0.0,,58,johnqt,,ct_elim,1,2.0,0.0,0.0,1.0,2.0,,,,,,,,,,,
645485,amer_stage_1_2026,100t,split,2,29,f,f,t,1.0,94.0,38,cortezia,,defuse,0,0.0,1.0,1.0,1.0,0.0,,,,,,,1.0,,,,
645485,amer_stage_1_2026,100t,split,2,30,f,f,ct,0.0,,54,reduxx,,ct_elim,1,2.0,1.0,0.0,1.0,1.0,,,,,,,,,,,
645485,amer_stage_1_2026,100t,split,2,31,f,f,t,1.0,95.0,85,jonahp,,t_elim,1,0.0,1.0,0.0,1.0,0.0,,,,0.0,0.0,1.0,2.0,0.0,,,
645485,amer_stage_1_2026,100t,split,2,32,f,f,ct,1.0,93.0,87,,jonahp,t_elim,0,0.0,0.0,0.0,0.0,0.0,,,,0.0,0.0,0.0,,1.0,,,
645485,amer_stage_1_2026,100t,split,2,33,f,f,t,1.0,69.0,37,,cortezia,defuse,0,1.0,0.0,0.0,0.0,0.0,,,,0.0,,,,0.0,,,
645485,amer_stage_1_2026,100t,split,2,34,f,f,ct,0.0,,6,,jerrwin,ct_elim,1,1.0,0.0,2.0,2.0,0.0,,,,,,,,,,,
645485,amer_stage_1_2026,100t,split,2,35,f,f,t,1.0,96.0,15,,jerrwin,t_elim,1,1.0,0.0,2.0,0.0,0.0,,,,0.0,1.0,0.0,,,,,
645485,amer_stage_1_2026,100t,split,2,36,f,f,ct,0.0,,73,cortezia,,ct_elim,1,0.0,0.0,1.0,2.0,2.0,,,,,,,,,,,
645490,amer_stage_1_2026,eg,haven,1,1,e,e,t,1.0,31.0,32,jerrwin,,t_elim,1,1.0,1.0,1.0,1.0,1.0,,,,,,,,,,,
645490,amer_stage_1_2026,eg,haven,1,2,sb,e,t,1.0,37.0,7,reduxx,,t_elim,1,0.0,1.0,0.0,1.0,2.0,,,,,0.0,0.0,0.0,1.0,,,
645490,amer_stage_1_2026,eg,haven,1,3,sb,f,t,1.0,26.0,35,,reduxx,defuse,0,0.0,0.0,0.0,0.0,0.0,,,,0.0,0.0,0.0,0.0,0.0,,,
645490,amer_stage_1_2026,eg,haven,1,4,f,f,t,1.0,90.0,39,cortezia,,t_elim,1,1.0,0.0,1.0,1.0,0.0,,,,1.0,,,1.0,,,,
645490,amer_stage_1_2026,eg,haven,1,5,f,f,t,0.0,,5,,johnqt,ct_elim,0,0.0,1.0,0.0,0.0,1.0,,,,,,,,,,,
645490,amer_stage_1_2026,eg,haven,1,6,sb,f,t,1.0,39.0,24,jerrwin,,time_no_defuse,1,0.0,2.0,0.0,1.0,0.0,,,,0.0,0.0,0.0,0.0,,,,
645490,amer_stage_1_2026,eg,haven,1,7,f,sb,t,0.0,,24,,jerrwin,ct_elim,0,0.0,0.0,1.0,1.0,0.0,,,,,,,,,,,
645490,amer_stage_1_2026,eg,haven,1,8,sb,f,t,1.0,49.0,39,,jerrwin,defuse,0,0.0,1.0,0.0,0.0,0.0,,,,0.0,2.0,,1.0,,,,
645490,amer_stage_1_2026,eg,haven,1,9,f,f,t,1.0,39.0,9,reduxx,,time_no_defuse,1,1.0,2.0,0.0,0.0,0.0,,,,0.0,0.0,0.0,0.0,0.0,,,
645490,amer_stage_1_2026,eg,haven,1,10,f,f,t,1.0,98.0,63,,cortezia,defuse,0,0.0,1.0,0.0,0.0,0.0,,,,0.0,,,1.0,,,,
645490,amer_stage_1_2026,eg,haven,1,11,f,f,t,1.0,47.0,11,,jerrwin,time_no_defuse,1,0.0,2.0,0.0,0.0,0.0,,,,1.0,0.0,0.0,0.0,,,,
645490,amer_stage_1_2026,eg,haven,1,12,f,sb,t,1.0,92.0,75,jerrwin,,t_elim,1,0.0,2.0,0.0,0.0,1.0,,,,,1.0,1.0,,,,,
645490,amer_stage_1_2026,eg,haven,1,13,e,e,ct,1.0,21.0,39,,jonahp,defuse,1,0.0,0.0,0.0,0.0,0.0,,,,1.0,3.0,1.0,0.0,0.0,,,
645490,amer_stage_1_2026,eg,haven,1,14,sb,e,ct,0.0,,27,cortezia,,ct_elim,1,3.0,0.0,2.0,0.0,0.0,,,,,,,,,,,
645490,amer_stage_1_2026,eg,haven,1,15,sb,f,ct,1.0,74.0,55,reduxx,,t_elim,0,0.0,2.0,0.0,0.0,0.0,,,,1.0,,0.0,1.0,0.0,,,
645490,amer_stage_1_2026,eg,haven,1,16,f,f,ct,0.0,,40,cortezia,,time_no_plant,1,1.0,0.0,1.0,1.0,1.0,,,,,,,,,,,
645490,amer_stage_1_2026,eg,haven,1,17,f,se,ct,0.0,,7,jerrwin,,ct_elim,1,0.0,0.0,0.0,2.0,3.0,,,,,,,,,,,
645490,amer_stage_1_2026,eg,haven,1,18,f,f,ct,0.0,,40,,jonahp,t_elim,0,2.0,0.0,0.0,0.0,1.0,,,,,,,,,,,
645490,amer_stage_1_2026,eg,haven,1,19,f,f,ct,0.0,,13,jerrwin,,ct_elim,1,1.0,1.0,2.0,0.0,1.0,,,,,,,,,,,
645490,amer_stage_1_2026,eg,haven,1,20,f,sb,ct,1.0,45.0,20,jonahp,,defuse,1,0.0,0.0,0.0,1.0,1.0,,,,1.0,2.0,0.0,,0.0,,,
645490,amer_stage_1_2026,eg,bind,2,1,e,e,ct,0.0,,33,jonahp,,t_elim,0,0.0,0.0,0.0,1.0,0.0,,,,,,,,,,,
645490,amer_stage_1_2026,eg,bind,2,2,e,sb,ct,1.0,64.0,22,,jerrwin,t_elim,0,1.0,0.0,0.0,0.0,0.0,,,,0.0,0.0,,,,,,
645490,amer_stage_1_2026,eg,bind,2,3,f,f,ct,1.0,38.0,15,reduxx,,defuse,1,0.0,1.0,1.0,0.0,0.0,,,,2.0,1.0,,,0.0,,,
645490,amer_stage_1_2026,eg,bind,2,4,sb,f,ct,0.0,,45,jerrwin,,ct_elim,1,0.0,0.0,3.0,0.0,2.0,,,,,,,,,,,
645490,amer_stage_1_2026,eg,bind,2,5,f,se,ct,1.0,92.0,13,,jerrwin,t_elim,0,0.0,0.0,0.0,2.0,0.0,,,,0.0,1.0,1.0,,,,,
645490,amer_stage_1_2026,eg,bind,2,6,sb,f,ct,1.0,73.0,71,cortezia,,defuse,1,0.0,0.0,1.0,0.0,0.0,,,,1.0,0.0,1.0,1.0,1.0,,,
645490,amer_stage_1_2026,eg,bind,2,7,f,sb,ct,0.0,,68,cortezia,,time_no_plant,1,2.0,1.0,1.0,0.0,0.0,,,,,,,,,,,
645490,amer_stage_1_2026,eg,bind,2,8,f,f,ct,1.0,,32,,jerrwin,time_no_defuse,0,0.0,0.0,0.0,0.0,0.0,,,,0.0,1.0,0.0,0.0,,,,
645490,amer_stage_1_2026,eg,bind,2,9,f,f,ct,0.0,,76,jonahp,,ct_elim,1,0.0,0.0,2.0,1.0,2.0,,,,,,,,,,,
645490,amer_stage_1_2026,eg,bind,2,10,f,sb,ct,1.0,25.0,31,jerrwin,,t_elim,0,0.0,0.0,0.0,0.0,0.0,,,,1.0,0.0,0.0,0.0,2.0,,,
645490,amer_stage_1_2026,eg,bind,2,11,se,f,ct,0.0,,49,jonahp,,ct_elim,1,0.0,1.0,1.0,2.0,1.0,,,,,,,,,,,
645490,amer_stage_1_2026,eg,bind,2,12,f,sb,ct,1.0,45.0,12,jerrwin,,defuse,1,0.0,0.0,0.0,0.0,1.0,,,,2.0,0.0,2.0,0.0,,,,
645490,amer_stage_1_2026,eg,bind,2,13,e,e,t,0.0,,44,,jonahp,ct_elim,0,0.0,0.0,1.0,0.0,0.0,,,,,,,,,,,
645490,amer_stage_1_2026,eg,bind,2,14,e,sb,t,1.0,17.0,9,reduxx,,t_elim,1,0.0,1.0,0.0,0.0,0.0,,,,0.0,3.0,1.0,0.0,0.0,,,
645490,amer_stage_1_2026,eg,bind,2,15,sb,e,t,1.0,62.0,80,reduxx,,t_elim,1,0.0,0.0,0.0,0.0,0.0,,,,0.0,2.0,0.0,1.0,2.0,,,
645490,amer_stage_1_2026,eg,bind,2,16,sb,f,t,0.0,,12,,reduxx,ct_elim,0,0.0,0.0,0.0,1.0,1.0,,,,,,,,,,,
645490,amer_stage_1_2026,eg,bind,2,17,f,f,t,0.0,,15,,jonahp,ct_elim,0,0.0,0.0,3.0,0.0,0.0,,,,,,,,,,,
645490,amer_stage_1_2026,eg,bind,2,18,f,f,t,1.0,44.0,27,,jerrwin,time_no_defuse,1,0.0,1.0,0.0,0.0,0.0,,,,0.0,2.0,0.0,1.0,,,,
645490,amer_stage_1_2026,eg,bind,2,19,f,sb,t,1.0,91.0,5,,jerrwin,defuse,0,0.0,0.0,0.0,1.0,0.0,,,,0.0,,1.0,1.0,,,,
645490,amer_stage_1_2026,eg,bind,2,20,f,f,t,0.0,,49,,jonahp,time_no_plant,0,0.0,0.0,1.0,0.0,0.0,,,,,,,,,,,
645490,amer_stage_1_2026,eg,bind,2,21,f,f,t,1.0,65.0,63,,johnqt,t_elim,1,0.0,0.0,0.0,0.0,0.0,,,,,1.0,1.0,3.0,0.0,,,
645490,amer_stage_1_2026,eg,bind,2,22,f,sb,t,1.0,36.0,16,,reduxx,defuse,0,0.0,0.0,0.0,2.0,0.0,,,,0.0,,,0.0,,,,
645490,amer_stage_1_2026,eg,bind,2,23,se,f,t,1.0,61.0,9,,jonahp,t_elim,1,2.0,0.0,0.0,0.0,2.0,,,,1.0,0.0,,,0.0,,,
645490,amer_stage_1_2026,eg,bind,2,24,f,sb,t,1.0,93.0,73,,reduxx,t_elim,1,0.0,0.0,2.0,0.0,2.0,,,,0.0,,0.0,,1.0,,,
645495,amer_stage_1_2026,fur,split,1,1,e,e,ct,1.0,35.0,10,,cortezia,t_elim,0,0.0,0.0,0.0,0.0,1.0,,,,1.0,,,,,,,
645495,amer_stage_1_2026,fur,split,1,2,e,sb,ct,1.0,17.0,7,,reduxx,t_elim,0,0.0,0.0,0.0,1.0,0.0,,,,0.0,,1.0,,2.0,,,
645495,amer_stage_1_2026,fur,split,1,3,f,sb,ct,0.0,,56,reduxx,,ct_elim,1,0.0,1.0,2.0,0.0,2.0,,,,,,,,,,,
645495,amer_stage_1_2026,fur,split,1,4,f,sb,ct,1.0,61.0,10,jerrwin,,t_elim,0,1.0,0.0,0.0,0.0,2.0,,,,,,,1.0,,,,
645495,amer_stage_1_2026,fur,split,1,5,se,f,ct,1.0,27.0,6,,jonahp,t_elim,0,0.0,0.0,0.0,0.0,0.0,,,,,,0.0,,,,,
645495,amer_stage_1_2026,fur,split,1,6,f,f,ct,1.0,36.0,6,jerrwin,,defuse,1,0.0,2.0,0.0,0.0,1.0,,,,0.0,,,0.0,2.0,,,
645495,amer_stage_1_2026,fur,split,1,7,f,f,ct,1.0,20.0,4,,jerrwin,t_elim,0,0.0,0.0,0.0,0.0,0.0,,,,0.0,2.0,0.0,0.0,,,,
645495,amer_stage_1_2026,fur,split,1,8,se,f,ct,1.0,85.0,70,,jerrwin,time_no_defuse,0,0.0,0.0,0.0,0.0,0.0,,,,,,0.0,,,,,
645495,amer_stage_1_2026,fur,split,1,9,f,f,ct,1.0,94.0,62,jonahp,,t_elim,0,0.0,0.0,1.0,1.0,1.0,,,,,0.0,0.0,0.0,,,,
645495,amer_stage_1_2026,fur,split,1,10,se,f,ct,1.0,50.0,18,johnqt,,t_elim,0,1.0,1.0,0.0,0.0,0.0,,,,,0.0,0.0,,0.0,,,
645495,amer_stage_1_2026,fur,split,1,11,f,f,ct,1.0,22.0,3,cortezia,,defuse,1,0.0,0.0,1.0,1.0,0.0,,,,1.0,0.0,0.0,1.0,1.0,,,
645495,amer_stage_1_2026,fur,split,1,12,f,f,ct,1.0,29.0,5,,jonahp,defuse,1,1.0,0.0,1.0,0.0,1.0,,,,1.0,0.0,1.0,,0.0,,,
645495,amer_stage_1_2026,fur,split,1,13,e,e,t,1.0,45.0,19,,johnqt,defuse,0,0.0,0.0,0.0,1.0,1.0,,,,,,,0.0,,,,
645495,amer_stage_1_2026,fur,split,1,14,se,sb,t,0.0,,22,,jonahp,ct_elim,0,0.0,0.0,0.0,0.0,0.0,,,,,,,,,,,
645495,amer_stage_1_2026,fur,split,1,15,f,sb,t,0.0,,7,,jerrwin,time_no_plant,0,1.0,1.0,0.0,0.0,0.0,,,,,,,,,,,
645495,amer_stage_1_2026,fur,split,1,16,sb,f,t,0.0,,36,,,ct_elim,0,0.0,1.0,0.0,0.0,0.0,,,,,,,,,,,
645495,amer_stage_1_2026,fur,split,1,17,sb,f,t,0.0,,4,,johnqt,ct_elim,0,0.0,0.0,0.0,1.0,1.0,,,,,,,,,,,
645495,amer_stage_1_2026,fur,breeze,2,1,e,e,t,1.0,30.0,32,jerrwin,,t_elim,1,0.0,0.0,0.0,0.0,0.0,,,,2.0,0.0,2.0,0.0,1.0,,,
645495,amer_stage_1_2026,fur,breeze,2,2,sb,e,t,1.0,77.0,73,jerrwin,,t_elim,1,0.0,0.0,0.0,0.0,1.0,,,,0.0,0.0,0.0,4.0,0.0,,,
645495,amer_stage_1_2026,fur,breeze,2,3,f,f,t,1.0,57.0,36,jerrwin,,time_no_defuse,1,0.0,0.0,1.0,0.0,1.0,,,,0.0,1.0,0.0,0.0,0.0,,,
645495,amer_stage_1_2026,fur,breeze,2,4,f,sb,t,0.0,,29,cortezia,,t_elim,1,0.0,2.0,1.0,2.0,0.0,,,,,,,,,,,
645495,amer_stage_1_2026,fur,breeze,2,5,f,f,t,1.0,46.0,43,jerrwin,,t_elim,1,0.0,1.0,0.0,0.0,1.0,,,,2.0,0.0,1.0,0.0,0.0,,,
645495,amer_stage_1_2026,fur,breeze,2,6,f,sb,t,1.0,96.0,78,reduxx,,defuse,0,0.0,1.0,0.0,0.0,0.0,,,,,,1.0,1.0,0.0,,,
645495,amer_stage_1_2026,fur,breeze,2,7,f,f,t,1.0,16.0,29,,jerrwin,t_elim,1,0.0,0.0,0.0,0.0,0.0,,,,0.0,2.0,3.0,0.0,0.0,,,
645495,amer_stage_1_2026,fur,breeze,2,8,f,se,t,0.0,,9,,jonahp,t_elim,1,1.0,2.0,0.0,0.0,2.0,,,,,,,,,,,
645495,amer_stage_1_2026,fur,breeze,2,9,f,f,t,1.0,30.0,17,jerrwin,,t_elim,1,0.0,1.0,0.0,0.0,1.0,,,,0.0,0.0,3.0,0.0,,,,
645495,amer_stage_1_2026,fur,breeze,2,10,f,sb,t,1.0,44.0,23,,jerrwin,time_no_defuse,1,0.0,2.0,1.0,0.0,0.0,,,,0.0,0.0,0.0,0.0,,,,
645495,amer_stage_1_2026,fur,breeze,2,11,f,sb,t,1.0,47.0,29,,cortezia,t_elim,1,0.0,1.0,0.0,0.0,1.0,,,,1.0,1.0,,0.0,,,,
645495,amer_stage_1_2026,fur,breeze,2,12,f,sb,t,0.0,,10,,jerrwin,ct_elim,0,1.0,0.0,0.0,1.0,0.0,,,,,,,,,,,
645495,amer_stage_1_2026,fur,breeze,2,13,e,e,ct,0.0,,31,johnqt,,ct_elim,1,1.0,0.0,1.0,3.0,0.0,,,,,,,,,,,
645495,amer_stage_1_2026,fur,breeze,2,14,sb,sb,ct,1.0,20.0,11,,cortezia,t_elim,0,0.0,0.0,0.0,0.0,0.0,,,,2.0,,,0.0,1.0,,,
645495,amer_stage_1_2026,fur,breeze,2,15,e,sb,ct,0.0,,22,,jerrwin,t_elim,0,0.0,0.0,0.0,0.0,0.0,,,,,,,,,,,
645495,amer_stage_1_2026,fur,breeze,2,16,f,f,ct,1.0,84.0,26,cortezia,,t_elim,0,0.0,1.0,1.0,1.0,1.0,,,,,0.0,,,,,,
645495,amer_stage_1_2026,fur,breeze,2,17,se,f,ct,1.0,64.0,52,,cortezia,t_elim,0,1.0,0.0,0.0,0.0,0.0,,,,0.0,,,1.0,,,,
645495,amer_stage_1_2026,fur,breeze,2,18,f,f,ct,0.0,,11,jerrwin,,ct_elim,1,1.0,0.0,1.0,1.0,2.0,,,,,,,,,,,
645495,amer_stage_1_2026,fur,breeze,2,19,f,f,ct,1.0,84.0,72,cortezia,,t_elim,0,0.0,0.0,1.0,0.0,0.0,,,,2.0,,,1.0,,,,
645495,amer_stage_1_2026,fur,breeze,2,20,sb,f,ct,0.0,,37,reduxx,,time_no_plant,1,0.0,1.0,1.0,2.0,0.0,,,,,,,,,,,
645495,amer_stage_1_2026,fur,haven,3,1,e,e,ct,1.0,26.0,13,,jonahp,defuse,1,0.0,0.0,0.0,0.0,0.0,,,,1.0,1.0,1.0,,1.0,,,
645495,amer_stage_1_2026,fur,haven,3,2,sb,e,ct,1.0,34.0,11,,reduxx,defuse,1,1.0,0.0,0.0,0.0,0.0,,,,2.0,,1.0,,1.0,,,
645495,amer_stage_1_2026,fur,haven,3,3,sb,f,ct,1.0,87.0,65,cortezia,,t_elim,0,0.0,1.0,1.0,0.0,0.0,,,,1.0,,0.0,,0.0,,,
645495,amer_stage_1_2026,fur,haven,3,4,f,f,ct,0.0,,9,cortezia,,time_no_plant,1,1.0,0.0,2.0,0.0,0.0,,,,,,,,,,,
645495,amer_stage_1_2026,fur,haven,3,5,f,sb,ct,0.0,,67,jonahp,,t_elim,0,0.0,3.0,1.0,0.0,0.0,,,,,,,,,,,
645495,amer_stage_1_2026,fur,haven,3,6,f,f,ct,1.0,32.0,45,,jerrwin,time_no_defuse,0,0.0,0.0,0.0,0.0,0.0,,,,0.0,0.0,0.0,0.0,0.0,,,
645495,amer_stage_1_2026,fur,haven,3,7,se,f,ct,0.0,,44,jonahp,,t_elim,0,0.0,0.0,0.0,2.0,0.0,,,,,,,,,,,
645495,amer_stage_1_2026,fur,haven,3,8,f,f,ct,1.0,21.0,8,,johnqt,time_no_defuse,0,0.0,0.0,0.0,1.0,0.0,,,,,,,1.0,1.0,,,
645495,amer_stage_1_2026,fur,haven,3,9,f,f,ct,0.0,,40,,jerrwin,ct_elim,1,,,,3.0,,,,,,,,,,,,
645495,amer_stage_1_2026,fur,haven,3,10,f,f,ct,0.0,,4,jonahp,,ct_elim,1,1.0,0.0,1.0,1.0,2.0,,,,,,,,,,,
645495,amer_stage_1_2026,fur,haven,3,11,f,f,ct,1.0,40.0,23,jerrwin,,t_elim,0,0.0,0.0,0.0,0.0,1.0,,,,,1.0,,0.0,,,,
645495,amer_stage_1_2026,fur,haven,3,12,sb,f,ct,1.0,92.0,59,jerrwin,,t_elim,0,0.0,0.0,0.0,0.0,2.0,,,,,0.0,0.0,,,,,
645495,amer_stage_1_2026,fur,haven,3,13,e,e,t,1.0,72.0,59,,jerrwin,t_elim,1,2.0,1.0,0.0,1.0,0.0,,,,0.0,,1.0,0.0,,,,
645495,amer_stage_1_2026,fur,haven,3,14,sb,e,t,0.0,,19,jerrwin,,t_elim,1,0.0,1.0,1.0,1.0,2.0,,,,,,,,,,,
645495,amer_stage_1_2026,fur,haven,3,15,sb,f,t,0.0,,38,,jerrwin,ct_elim,0,1.0,1.0,0.0,1.0,0.0,,,,,,,,,,,
645495,amer_stage_1_2026,fur,haven,3,16,f,f,t,1.0,86.0,10,cortezia,,defuse,0,0.0,0.0,1.0,0.0,0.0,,,,1.0,0.0,1.0,,,,,
645495,amer_stage_1_2026,fur,haven,3,17,sb,f,t,0.0,,8,jerrwin,,ct_elim,0,0.0,0.0,1.0,0.0,1.0,,,,,,,,,,,
645495,amer_stage_1_2026,fur,haven,3,18,sb,f,t,1.0,47.0,38,cortezia,,defuse,0,0.0,0.0,1.0,0.0,0.0,,,,0.0,,,1.0,0.0,,,
645495,amer_stage_1_2026,fur,haven,3,19,f,f,t,0.0,,28,,jerrwin,ct_elim,0,0.0,1.0,0.0,1.0,0.0,,,,,,,,,,,
645495,amer_stage_1_2026,fur,haven,3,20,sb,f,t,0.0,,32,,johnqt,ct_elim,0,0.0,0.0,0.0,1.0,2.0,,,,,,,,,,,
645503,amer_stage_1_2026,nrg,fracture,1,1,e,e,t,1.0,39.0,37,reduxx,,t_elim,1,0.0,0.0,0.0,0.0,0.0,,,,1.0,0.0,2.0,1.0,0.0,,,
645503,amer_stage_1_2026,nrg,fracture,1,2,sb,e,t,1.0,73.0,22,cortezia,,time_no_defuse,1,0.0,2.0,1.0,0.0,0.0,,,,1.0,,0.0,0.0,0.0,,,
645503,amer_stage_1_2026,nrg,fracture,1,3,sb,f,t,0.0,,46,,reduxx,ct_elim,0,0.0,0.0,0.0,0.0,0.0,,,,,,,,,,,
645503,amer_stage_1_2026,nrg,fracture,1,4,f,f,t,0.0,,6,,jerrwin,time_no_plant,0,0.0,0.0,0.0,0.0,0.0,,,,,,,,,,,
645503,amer_stage_1_2026,nrg,fracture,1,5,sb,f,t,0.0,,8,,reduxx,ct_elim,0,1.0,0.0,0.0,0.0,0.0,,,,,,,,,,,
645503,amer_stage_1_2026,nrg,fracture,1,6,sb,f,t,1.0,62.0,42,,johnqt,t_elim,1,0.0,3.0,0.0,0.0,1.0,,,,,,1.0,0.0,0.0,,,
645503,amer_stage_1_2026,nrg,fracture,1,7,sb,f,t,1.0,69.0,11,,cortezia,defuse,0,1.0,1.0,0.0,0.0,0.0,,,,0.0,0.0,,,,,,
645503,amer_stage_1_2026,nrg,fracture,1,8,sb,f,t,1.0,29.0,7,reduxx,,t_elim,1,0.0,2.0,0.0,0.0,0.0,,,,0.0,,,2.0,1.0,,,
645503,amer_stage_1_2026,nrg,fracture,1,9,f,f,t,1.0,72.0,13,reduxx,,t_elim,1,0.0,2.0,0.0,0.0,0.0,,,,0.0,2.0,0.0,1.0,,,,
645503,amer_stage_1_2026,nrg,fracture,1,10,f,f,t,1.0,87.0,65,jerrwin,,t_elim,1,0.0,2.0,1.0,0.0,1.0,,,,1.0,0.0,,0.0,0.0,,,
645503,amer_stage_1_2026,nrg,fracture,1,11,f,sb,t,1.0,39.0,23,reduxx,,time_no_defuse,1,0.0,1.0,1.0,0.0,0.0,,,,0.0,0.0,0.0,1.0,0.0,,,
645503,amer_stage_1_2026,nrg,fracture,1,12,f,sb,t,1.0,72.0,54,jonahp,,t_elim,1,0.0,1.0,0.0,1.0,1.0,,,,0.0,,0.0,0.0,2.0,,,
645503,amer_stage_1_2026,nrg,fracture,1,13,e,e,ct,1.0,79.0,14,,reduxx,defuse,1,0.0,0.0,1.0,1.0,0.0,,,,1.0,,2.0,,0.0,,,
645503,amer_stage_1_2026,nrg,fracture,1,14,sb,e,ct,1.0,36.0,21,,cortezia,t_elim,0,0.0,0.0,0.0,0.0,1.0,,,,2.0,,,0.0,,,,
645503,amer_stage_1_2026,nrg,fracture,1,15,e,f,ct,1.0,26.0,24,,cortezia,time_no_defuse,0,0.0,0.0,0.0,0.0,0.0,,,,0.0,0.0,0.0,1.0,0.0,,,
645503,amer_stage_1_2026,nrg,fracture,1,16,f,f,ct,1.0,99.0,88,,cortezia,time_no_defuse,0,0.0,1.0,0.0,0.0,0.0,,,,,1.0,,,,,,
645503,amer_stage_1_2026,nrg,fracture,1,17,sb,f,ct,1.0,52.0,28,,reduxx,t_elim,0,0.0,0.0,1.0,0.0,0.0,,,,,,,,0.0,,,
645503,amer_stage_1_2026,nrg,fracture,1,18,sb,f,ct,0.0,,28,,jerrwin,t_elim,0,0.0,0.0,1.0,0.0,0.0,,,,,,,,,,,
645503,amer_stage_1_2026,nrg,fracture,1,19,sb,f,ct,1.0,88.0,77,,cortezia,time_no_defuse,0,0.0,0.0,0.0,0.0,0.0,,,,0.0,1.0,,0.0,0.0,,,
645503,amer_stage_1_2026,nrg,fracture,1,20,sb,f,ct,1.0,45.0,34,,,defuse,1,1.0,0.0,0.0,1.0,0.0,,,,0.0,1.0,1.0,0.0,1.0,,,
645503,amer_stage_1_2026,nrg,fracture,1,21,sb,f,ct,1.0,46.0,39,cortezia,,t_elim,0,1.0,0.0,1.0,0.0,0.0,,,,1.0,,0.0,0.0,1.0,,,
645503,amer_stage_1_2026,nrg,fracture,1,22,se,f,ct,1.0,87.0,37,,cortezia,time_no_defuse,0,0.0,0.0,0.0,0.0,0.0,,,,0.0,2.0,,1.0,1.0,,,
645503,amer_stage_1_2026,nrg,fracture,1,23,f,f,ct,0.0,,69,cortezia,,ct_elim,1,1.0,0.0,2.0,1.0,1.0,,,,,,,,,,,
645503,amer_stage_1_2026,nrg,fracture,1,24,f,f,ct,1.0,68.0,8,jerrwin,,t_elim,0,0.0,0.0,0.0,0.0,1.0,,,,0.0,,1.0,,,,,
645503,amer_stage_1_2026,nrg,breeze,2,1,e,e,ct,1.0,59.0,76,,jonahp,defuse,1,0.0,0.0,0.0,0.0,0.0,,,,0.0,3.0,2.0,0.0,0.0,,,
645503,amer_stage_1_2026,nrg,breeze,2,2,sb,e,ct,0.0,,31,jerrwin,,ct_elim,1,2.0,0.0,0.0,1.0,2.0,,,,,,,,,,,
645503,amer_stage_1_2026,nrg,breeze,2,3,sb,f,ct,0.0,,68,,jerrwin,ct_elim,1,0.0,2.0,3.0,0.0,0.0,,,,,,,,,,,
645503,amer_stage_1_2026,nrg,breeze,2,4,f,se,ct,1.0,24.0,46,reduxx,,defuse,1,0.0,0.0,0.0,0.0,0.0,,,,1.0,1.0,2.0,1.0,0.0,,,
645503,amer_stage_1_2026,nrg,breeze,2,5,f,f,ct,1.0,33.0,22,,jonahp,time_no_defuse,0,1.0,0.0,0.0,0.0,0.0,,,,0.0,,0.0,,0.0,,,
645503,amer_stage_1_2026,nrg,breeze,2,6,f,sb,ct,1.0,18.0,46,jerrwin,,defuse,1,0.0,0.0,0.0,0.0,0.0,,,,0.0,1.0,2.0,1.0,1.0,,,
645503,amer_stage_1_2026,nrg,breeze,2,7,f,f,ct,1.0,26.0,21,,jerrwin,t_elim,0,0.0,0.0,0.0,0.0,0.0,,,,0.0,1.0,1.0,0.0,,,,
645503,amer_stage_1_2026,nrg,breeze,2,8,f,f,ct,1.0,73.0,12,jerrwin,,defuse,1,0.0,2.0,0.0,1.0,1.0,,,,0.0,0.0,0.0,0.0,0.0,,,
645503,amer_stage_1_2026,nrg,breeze,2,9,f,sb,ct,1.0,50.0,30,jonahp,,t_elim,0,0.0,0.0,1.0,1.0,0.0,,,,,1.0,0.0,,,,,
645503,amer_stage_1_2026,nrg,breeze,2,10,f,f,ct,0.0,,41,reduxx,,ct_elim,1,2.0,1.0,0.0,1.0,1.0,,,,,,,,,,,
645503,amer_stage_1_2026,nrg,breeze,2,11,f,sb,ct,1.0,16.0,14,,cortezia,defuse,1,0.0,0.0,0.0,0.0,0.0,,,,1.0,2.0,,1.0,1.0,,,
645503,amer_stage_1_2026,nrg,breeze,2,12,f,sb,ct,1.0,22.0,44,jerrwin,,defuse,1,0.0,0.0,0.0,0.0,0.0,,,,0.0,1.0,0.0,1.0,3.0,,,
645503,amer_stage_1_2026,nrg,breeze,2,13,e,e,t,1.0,38.0,54,,jonahp,defuse,0,0.0,0.0,0.0,0.0,0.0,,,,0.0,1.0,1.0,0.0,1.0,,,
645503,amer_stage_1_2026,nrg,breeze,2,14,e,sb,t,0.0,,66,,reduxx,ct_elim,0,0.0,0.0,0.0,1.0,0.0,,,,,,,,,,,
645503,amer_stage_1_2026,nrg,breeze,2,15,f,sb,t,1.0,95.0,12,reduxx,,defuse,0,1.0,1.0,0.0,0.0,0.0,,,,0.0,,0.0,1.0,,,,
645503,amer_stage_1_2026,nrg,breeze,2,16,sb,f,t,1.0,99.0,33,,jonahp,defuse,0,0.0,1.0,2.0,0.0,0.0,,,,,,0.0,,,,,
645503,amer_stage_1_2026,nrg,breeze,2,17,se,f,t,0.0,,17,,jonahp,ct_elim,0,0.0,0.0,0.0,0.0,0.0,,,,,,,,,,,
645503,amer_stage_1_2026,nrg,breeze,2,18,f,f,t,1.0,35.0,25,cortezia,,t_elim,1,1.0,0.0,1.0,0.0,0.0,,,,0.0,2.0,,1.0,,,,
645503,amer_stage_1_2026,nrg,breeze,2,19,f,f,t,1.0,28.0,45,reduxx,,time_no_defuse,1,0.0,0.0,0.0,0.0,0.0,,,,0.0,1.0,0.0,0.0,2.0,,,
645503,amer_stage_1_2026,nrg,breeze,2,20,f,sb,t,1.0,17.0,13,cortezia,,defuse,0,0.0,0.0,1.0,0.0,0.0,,,,1.0,0.0,,0.0,1.0,,,
645503,amer_stage_1_2026,nrg,breeze,2,21,f,sb,t,1.0,74.0,19,,jerrwin,defuse,0,0.0,0.0,2.0,0.0,0.0,,,,0.0,,,1.0,,,,
645503,amer_stage_1_2026,nrg,breeze,2,22,sb,f,t,1.0,19.0,31,jonahp,,defuse,0,0.0,0.0,0.0,0.0,0.0,,,,0.0,0.0,0.0,1.0,0.0,,,
645503,amer_stage_1_2026,nrg,breeze,2,23,sb,f,t,1.0,88.0,39,,cortezia,t_elim,1,1.0,0.0,0.0,1.0,0.0,,,,2.0,,,1.0,,,,
645503,amer_stage_1_2026,nrg,breeze,2,24,f,f,t,1.0,56.0,18,jerrwin,,t_elim,1,0.0,1.0,1.0,0.0,2.0,,,,0.0,,1.0,0.0,,,,
645503,amer_stage_1_2026,nrg,lotus,3,1,e,e,ct,1.0,22.0,12,,jerrwin,defuse,1,0.0,0.0,0.0,1.0,0.0,,,,0.0,0.0,3.0,1.0,,,,
645503,amer_stage_1_2026,nrg,lotus,3,2,sb,e,ct,0.0,,29,reduxx,,ct_elim,1,0.0,3.0,0.0,2.0,0.0,,,,,,,,,,,
645503,amer_stage_1_2026,nrg,lotus,3,3,sb,f,ct,1.0,82.0,19,jerrwin,,t_elim,0,0.0,0.0,1.0,0.0,1.0,,,,0.0,0.0,,,,,,
645503,amer_stage_1_2026,nrg,lotus,3,4,f,f,ct,1.0,89.0,11,jerrwin,,defuse,1,0.0,0.0,0.0,0.0,1.0,,,,0.0,0.0,2.0,2.0,0.0,,,
645503,amer_stage_1_2026,nrg,lotus,3,5,f,sb,ct,1.0,31.0,39,,cortezia,t_elim,0,0.0,0.0,0.0,0.0,0.0,,,,0.0,2.0,0.0,0.0,2.0,,,
645503,amer_stage_1_2026,nrg,lotus,3,6,sb,sb,ct,1.0,92.0,3,,jerrwin,t_elim,0,0.0,0.0,0.0,0.0,0.0,,,,0.0,0.0,1.0,,,,,
645503,amer_stage_1_2026,nrg,lotus,3,7,se,f,ct,1.0,93.0,25,,reduxx,t_elim,0,0.0,0.0,4.0,0.0,0.0,,,,,,,0.0,,,,
645503,amer_stage_1_2026,nrg,lotus,3,8,f,f,ct,1.0,70.0,18,cortezia,,defuse,1,0.0,0.0,1.0,0.0,1.0,,,,1.0,0.0,,0.0,2.0,,,
645503,amer_stage_1_2026,nrg,lotus,3,9,f,sb,ct,1.0,28.0,19,,jerrwin,defuse,1,1.0,0.0,0.0,0.0,0.0,,,,2.0,1.0,1.0,,,,,
645503,amer_stage_1_2026,nrg,lotus,3,10,f,se,ct,1.0,22.0,48,cortezia,,defuse,1,0.0,0.0,0.0,0.0,0.0,,,,0.0,1.0,2.0,2.0,0.0,,,
645503,amer_stage_1_2026,nrg,lotus,3,11,f,f,ct,1.0,28.0,35,jerrwin,,time_no_defuse,0,0.0,0.0,0.0,0.0,0.0,,,,1.0,0.0,0.0,0.0,2.0,,,
645503,amer_stage_1_2026,nrg,lotus,3,12,f,f,ct,1.0,52.0,7,reduxx,,defuse,1,0.0,1.0,0.0,0.0,2.0,,,,1.0,0.0,1.0,0.0,0.0,,,
645503,amer_stage_1_2026,nrg,lotus,3,13,e,e,t,0.0,,28,,reduxx,ct_elim,0,0.0,0.0,0.0,0.0,2.0,,,,,,,,,,,
645503,amer_stage_1_2026,nrg,lotus,3,14,e,sb,t,0.0,,33,,reduxx,ct_elim,0,0.0,0.0,0.0,0.0,0.0,,,,,,,,,,,
645503,amer_stage_1_2026,nrg,lotus,3,15,f,sb,t,0.0,,7,,johnqt,ct_elim,0,0.0,1.0,1.0,0.0,0.0,,,,,,,,,,,
645503,amer_stage_1_2026,nrg,lotus,3,16,se,f,t,1.0,44.0,11,,cortezia,defuse,0,0.0,1.0,0.0,0.0,1.0,,,,,0.0,,,0.0,,,
645503,amer_stage_1_2026,nrg,lotus,3,17,f,f,t,1.0,49.0,23,,cortezia,defuse,0,0.0,1.0,0.0,0.0,0.0,,,,0.0,0.0,,1.0,,,,
645503,amer_stage_1_2026,nrg,lotus,3,18,sb,f,t,1.0,87.0,12,,jerrwin,defuse,0,0.0,0.0,0.0,0.0,0.0,,,,0.0,,0.0,1.0,,,,
645503,amer_stage_1_2026,nrg,lotus,3,19,sb,f,t,1.0,82.0,70,johnqt,,t_elim,1,1.0,1.0,0.0,0.0,0.0,,,,0.0,0.0,0.0,0.0,1.0,,,
645503,amer_stage_1_2026,nrg,lotus,3,20,sb,f,t,1.0,42.0,19,reduxx,,time_no_defuse,1,0.0,1.0,0.0,0.0,0.0,,,,1.0,0.0,1.0,1.0,0.0,,,
645503,amer_stage_1_2026,nrg,lotus,3,21,f,sb,t,1.0,89.0,83,jonahp,,time_no_defuse,1,0.0,0.0,0.0,2.0,0.0,,,,0.0,0.0,0.0,0.0,0.0,,,
645503,amer_stage_1_2026,nrg,lotus,3,22,f,sb,t,0.0,,7,,jerrwin,ct_elim,0,0.0,0.0,2.0,0.0,0.0,,,,,,,,,,,
645503,amer_stage_1_2026,nrg,lotus,3,23,f,f,t,1.0,24.0,7,,johnqt,defuse,0,0.0,0.0,1.0,0.0,1.0,,,,,0.0,,0.0,0.0,,,
